CREATE TABLE accounts (
  id char(36) NOT NULL,
  name varchar(150) DEFAULT NULL,
  date_entered datetime DEFAULT NULL,
  date_modified datetime DEFAULT NULL,
  modified_user_id char(36) DEFAULT NULL,
  created_by char(36) DEFAULT NULL,
  description text,
  deleted number(1) DEFAULT '0',
  assigned_user_id char(36) DEFAULT NULL,
  account_type varchar(50) DEFAULT NULL,
  industry varchar(50) DEFAULT NULL,
  annual_revenue varchar(100) DEFAULT NULL,
  phone_fax varchar(100) DEFAULT NULL,
  billing_address_street varchar(150) DEFAULT NULL,
  billing_address_city varchar(100) DEFAULT NULL,
  billing_address_state varchar(100) DEFAULT NULL,
  billing_address_postalcode varchar(20) DEFAULT NULL,
  billing_address_country varchar(255) DEFAULT NULL,
  rating varchar(100) DEFAULT NULL,
  phone_office varchar(100) DEFAULT NULL,
  phone_alternate varchar(100) DEFAULT NULL,
  website varchar(255) DEFAULT NULL,
  ownership varchar(100) DEFAULT NULL,
  employees varchar(10) DEFAULT NULL,
  ticker_symbol varchar(10) DEFAULT NULL,
  shipping_address_street varchar(150) DEFAULT NULL,
  shipping_address_city varchar(100) DEFAULT NULL,
  shipping_address_state varchar(100) DEFAULT NULL,
  shipping_address_postalcode varchar(20) DEFAULT NULL,
  shipping_address_country varchar(255) DEFAULT NULL,
  parent_id char(36) DEFAULT NULL,
  sic_code varchar(10) DEFAULT NULL,
  campaign_id char(36) DEFAULT NULL
);
CREATE TABLE accounts_bugs (
  id varchar(36) NOT NULL,
  account_id varchar(36) DEFAULT NULL,
  bug_id varchar(36) DEFAULT NULL,
  date_modified datetime DEFAULT NULL,
  deleted number(1) DEFAULT '0'
);
CREATE TABLE accounts_contacts (
  id varchar(36) NOT NULL,
  contact_id varchar(36) DEFAULT NULL,
  account_id varchar(36) DEFAULT NULL,
  date_modified datetime DEFAULT NULL,
  deleted number(1) DEFAULT '0'
);
CREATE TABLE bugs (
  id char(36) NOT NULL,
  name varchar(255) DEFAULT NULL,
  date_entered datetime DEFAULT NULL,
  date_modified datetime DEFAULT NULL,
  modified_user_id char(36) DEFAULT NULL,
  created_by char(36) DEFAULT NULL,
  description text,
  deleted number(1) DEFAULT '0',
  assigned_user_id char(36) DEFAULT NULL,
  bug_number int(11) NOT NULL,
  type varchar(255) DEFAULT NULL,
  status varchar(100) DEFAULT NULL,
  priority varchar(100) DEFAULT NULL,
  resolution varchar(255) DEFAULT NULL,
  work_log text,
  found_in_release varchar(255) DEFAULT NULL,
  fixed_in_release varchar(255) DEFAULT NULL,
  source varchar(255) DEFAULT NULL,
  product_category varchar(255) DEFAULT NULL
);
CREATE TABLE contacts (
  id char(36) NOT NULL,
  date_entered datetime DEFAULT NULL,
  date_modified datetime DEFAULT NULL,
  modified_user_id char(36) DEFAULT NULL,
  created_by char(36) DEFAULT NULL,
  description text,
  deleted number(1) DEFAULT '0',
  assigned_user_id char(36) DEFAULT NULL,
  salutation varchar(255) DEFAULT NULL,
  first_name varchar(100) DEFAULT NULL,
  last_name varchar(100) DEFAULT NULL,
  title varchar(100) DEFAULT NULL,
  department varchar(255) DEFAULT NULL,
  do_not_call number(1) DEFAULT '0',
  phone_home varchar(100) DEFAULT NULL,
  phone_mobile varchar(100) DEFAULT NULL,
  phone_work varchar(100) DEFAULT NULL,
  phone_other varchar(100) DEFAULT NULL,
  phone_fax varchar(100) DEFAULT NULL,
  primary_address_street varchar(150) DEFAULT NULL,
  primary_address_city varchar(100) DEFAULT NULL,
  primary_address_state varchar(100) DEFAULT NULL,
  primary_address_postalcode varchar(20) DEFAULT NULL,
  primary_address_country varchar(255) DEFAULT NULL,
  alt_address_street varchar(150) DEFAULT NULL,
  alt_address_city varchar(100) DEFAULT NULL,
  alt_address_state varchar(100) DEFAULT NULL,
  alt_address_postalcode varchar(20) DEFAULT NULL,
  alt_address_country varchar(255) DEFAULT NULL,
  assistant varchar(75) DEFAULT NULL,
  assistant_phone varchar(100) DEFAULT NULL,
  lead_source varchar(255) DEFAULT NULL,
  reports_to_id char(36) DEFAULT NULL,
  birthdate date DEFAULT NULL,
  campaign_id char(36) DEFAULT NULL
);
INSERT INTO accounts (id, name, date_entered, date_modified, modified_user_id, created_by, description, deleted, assigned_user_id, account_type, industry, annual_revenue, phone_fax, billing_address_street, billing_address_city, billing_address_state, billing_address_postalcode, billing_address_country, rating, phone_office, phone_alternate, website, ownership, employees, ticker_symbol, shipping_address_street, shipping_address_city, shipping_address_state, shipping_address_postalcode, shipping_address_country, parent_id, sic_code, campaign_id) VALUES('136de8ad-a5f1-27f6-166e-546f0b2e4dc2', 'King Software Inc', '2014-11-21 09:53:39', '2014-11-21 09:53:39', '1', '1', NULL, 0, 'seed_will_id', 'Customer', 'Chemicals', NULL, NULL, '67321 West Siam St.', 'Persistance', 'NY', '83149', 'USA', NULL, '(005) 563-7696', NULL, 'www.devhr.us', NULL, NULL, NULL, '67321 West Siam St.', 'Persistance', 'NY', '83149', 'USA', NULL, NULL, NULL);
INSERT INTO accounts (id, name, date_entered, date_modified, modified_user_id, created_by, description, deleted, assigned_user_id, account_type, industry, annual_revenue, phone_fax, billing_address_street, billing_address_city, billing_address_state, billing_address_postalcode, billing_address_country, rating, phone_office, phone_alternate, website, ownership, employees, ticker_symbol, shipping_address_street, shipping_address_city, shipping_address_state, shipping_address_postalcode, shipping_address_country, parent_id, sic_code, campaign_id) VALUES('13c758ce-553b-587b-0844-546f0ba58f27', 'EEE Endowments LTD', '2014-11-21 09:53:39', '2014-11-21 09:53:39', '1', '1', NULL, 0, 'seed_max_id', 'Customer', 'Apparel', NULL, NULL, '999 Baker Way', 'Ohio', 'CA', '11620', 'USA', NULL, '(848) 080-9762', NULL, 'www.devsupport.us', NULL, NULL, NULL, '999 Baker Way', 'Ohio', 'CA', '11620', 'USA', NULL, NULL, NULL);
INSERT INTO accounts (id, name, date_entered, date_modified, modified_user_id, created_by, description, deleted, assigned_user_id, account_type, industry, annual_revenue, phone_fax, billing_address_street, billing_address_city, billing_address_state, billing_address_postalcode, billing_address_country, rating, phone_office, phone_alternate, website, ownership, employees, ticker_symbol, shipping_address_street, shipping_address_city, shipping_address_state, shipping_address_postalcode, shipping_address_country, parent_id, sic_code, campaign_id) VALUES('147eb488-931d-24c6-7768-546f0bd1c33b', 'Smith & Sons', '2014-11-21 09:53:39', '2014-11-21 09:53:39', '1', '1', NULL, 0, 'seed_will_id', 'Customer', 'Consulting', NULL, NULL, '321 University Ave.', 'Persistance', 'NY', '90500', 'USA', NULL, '(204) 060-1548', NULL, 'www.qaqa.net', NULL, NULL, NULL, '321 University Ave.', 'Persistance', 'NY', '90500', 'USA', NULL, NULL, NULL);
INSERT INTO accounts (id, name, date_entered, date_modified, modified_user_id, created_by, description, deleted, assigned_user_id, account_type, industry, annual_revenue, phone_fax, billing_address_street, billing_address_city, billing_address_state, billing_address_postalcode, billing_address_country, rating, phone_office, phone_alternate, website, ownership, employees, ticker_symbol, shipping_address_street, shipping_address_city, shipping_address_state, shipping_address_postalcode, shipping_address_country, parent_id, sic_code, campaign_id) VALUES('17710851-01be-2d35-94a6-546f0b117f51', 'Cloud Cover Trust', '2014-11-21 09:53:39', '2014-11-21 09:53:39', '1', '1', NULL, 0, 'seed_will_id', 'Customer', 'Engineering', NULL, NULL, '123 Anywhere Street', 'San Jose', 'NY', '61235', 'USA', NULL, '(440) 475-0563', NULL, 'www.kidsupport.name', NULL, NULL, NULL, '123 Anywhere Street', 'San Jose', 'NY', '61235', 'USA', NULL, NULL, NULL);
INSERT INTO accounts (id, name, date_entered, date_modified, modified_user_id, created_by, description, deleted, assigned_user_id, account_type, industry, annual_revenue, phone_fax, billing_address_street, billing_address_city, billing_address_state, billing_address_postalcode, billing_address_country, rating, phone_office, phone_alternate, website, ownership, employees, ticker_symbol, shipping_address_street, shipping_address_city, shipping_address_state, shipping_address_postalcode, shipping_address_country, parent_id, sic_code, campaign_id) VALUES('1c084a61-eeb7-6867-baac-546f0b50f976', 'Income Free Investing LP', '2014-11-21 09:53:39', '2014-11-21 09:53:39', '1', '1', NULL, 0, 'seed_max_id', 'Customer', 'Retail', NULL, NULL, '345 Sugar Blvd.', 'Sunnyvale', 'CA', '75141', 'USA', NULL, '(818) 228-1786', NULL, 'www.sectionsugar.it', NULL, NULL, NULL, '345 Sugar Blvd.', 'Sunnyvale', 'CA', '75141', 'USA', NULL, NULL, NULL);
INSERT INTO accounts (id, name, date_entered, date_modified, modified_user_id, created_by, description, deleted, assigned_user_id, account_type, industry, annual_revenue, phone_fax, billing_address_street, billing_address_city, billing_address_state, billing_address_postalcode, billing_address_country, rating, phone_office, phone_alternate, website, ownership, employees, ticker_symbol, shipping_address_street, shipping_address_city, shipping_address_state, shipping_address_postalcode, shipping_address_country, parent_id, sic_code, campaign_id) VALUES('263c1428-4e3e-c237-9b97-546f0b6fd5e9', 'Trait Institute Inc', '2014-11-21 09:53:39', '2014-11-21 09:53:39', '1', '1', NULL, 0, 'seed_max_id', 'Customer', 'Communications', NULL, NULL, '123 Anywhere Street', 'Ohio', 'CA', '93898', 'USA', NULL, '(337) 898-9247', NULL, 'www.sugarkid.org', NULL, NULL, NULL, '123 Anywhere Street', 'Ohio', 'CA', '93898', 'USA', NULL, NULL, NULL);
INSERT INTO accounts (id, name, date_entered, date_modified, modified_user_id, created_by, description, deleted, assigned_user_id, account_type, industry, annual_revenue, phone_fax, billing_address_street, billing_address_city, billing_address_state, billing_address_postalcode, billing_address_country, rating, phone_office, phone_alternate, website, ownership, employees, ticker_symbol, shipping_address_street, shipping_address_city, shipping_address_state, shipping_address_postalcode, shipping_address_country, parent_id, sic_code, campaign_id) VALUES('3122d611-860a-97ee-9206-546f0b6b2232', 'MMM Mortuary Corp', '2014-11-21 09:53:39', '2014-11-21 09:53:39', '1', '1', NULL, 0, 'seed_chris_id', 'Customer', 'Shipping', NULL, NULL, '777 West Filmore Ln', 'Salt Lake City', 'NY', '82744', 'USA', NULL, '(587) 037-4615', NULL, 'www.devdev.cn', NULL, NULL, NULL, '777 West Filmore Ln', 'Salt Lake City', 'NY', '82744', 'USA', NULL, NULL, NULL);
INSERT INTO accounts (id, name, date_entered, date_modified, modified_user_id, created_by, description, deleted, assigned_user_id, account_type, industry, annual_revenue, phone_fax, billing_address_street, billing_address_city, billing_address_state, billing_address_postalcode, billing_address_country, rating, phone_office, phone_alternate, website, ownership, employees, ticker_symbol, shipping_address_street, shipping_address_city, shipping_address_state, shipping_address_postalcode, shipping_address_country, parent_id, sic_code, campaign_id) VALUES('33938732-8554-3bcb-0df8-546f0ba4376a', 'Nelson Inc', '2014-11-21 09:53:39', '2014-11-21 09:53:39', '1', '1', NULL, 0, 'seed_max_id', 'Customer', 'Electronics', NULL, NULL, '67321 West Siam St.', 'Ohio', 'CA', '79386', 'USA', NULL, '(181) 354-8341', NULL, 'www.devkid.com', NULL, NULL, NULL, '67321 West Siam St.', 'Ohio', 'CA', '79386', 'USA', NULL, NULL, NULL);
INSERT INTO accounts (id, name, date_entered, date_modified, modified_user_id, created_by, description, deleted, assigned_user_id, account_type, industry, annual_revenue, phone_fax, billing_address_street, billing_address_city, billing_address_state, billing_address_postalcode, billing_address_country, rating, phone_office, phone_alternate, website, ownership, employees, ticker_symbol, shipping_address_street, shipping_address_city, shipping_address_state, shipping_address_postalcode, shipping_address_country, parent_id, sic_code, campaign_id) VALUES('34604ac4-be7f-ff68-1116-546f0b892654', 'MTM Investment Bank F S B', '2014-11-21 09:53:39', '2014-11-21 09:53:39', '1', '1', NULL, 0, 'seed_max_id', 'Customer', 'Utilities', NULL, NULL, '111 Silicon Valley Road', 'Persistance', 'CA', '72128', 'USA', NULL, '(211) 559-3964', NULL, 'www.sectiondev.edu', NULL, NULL, NULL, '111 Silicon Valley Road', 'Persistance', 'CA', '72128', 'USA', NULL, NULL, NULL);
INSERT INTO accounts (id, name, date_entered, date_modified, modified_user_id, created_by, description, deleted, assigned_user_id, account_type, industry, annual_revenue, phone_fax, billing_address_street, billing_address_city, billing_address_state, billing_address_postalcode, billing_address_country, rating, phone_office, phone_alternate, website, ownership, employees, ticker_symbol, shipping_address_street, shipping_address_city, shipping_address_state, shipping_address_postalcode, shipping_address_country, parent_id, sic_code, campaign_id) VALUES('34cf0c6a-655c-395e-6960-546f0b3a3228', 'Arts & Crafts Inc', '2014-11-21 09:53:39', '2014-11-21 09:53:39', '1', '1', NULL, 0, 'seed_max_id', 'Customer', 'Utilities', NULL, NULL, '67321 West Siam St.', 'San Jose', 'CA', '27003', 'USA', NULL, '(841) 946-8589', NULL, 'www.salesbeans.net', NULL, NULL, NULL, '67321 West Siam St.', 'San Jose', 'CA', '27003', 'USA', NULL, NULL, NULL);
INSERT INTO accounts (id, name, date_entered, date_modified, modified_user_id, created_by, description, deleted, assigned_user_id, account_type, industry, annual_revenue, phone_fax, billing_address_street, billing_address_city, billing_address_state, billing_address_postalcode, billing_address_country, rating, phone_office, phone_alternate, website, ownership, employees, ticker_symbol, shipping_address_street, shipping_address_city, shipping_address_state, shipping_address_postalcode, shipping_address_country, parent_id, sic_code, campaign_id) VALUES('3b03d897-4a78-7fc2-4658-546f0b696428', 'Max Holdings Ltd', '2014-11-21 09:53:39', '2014-11-21 09:53:39', '1', '1', NULL, 0, 'seed_sally_id', 'Customer', 'Government', NULL, NULL, '111 Silicon Valley Road', 'San Jose', 'CA', '75145', 'USA', NULL, '(962) 451-3532', NULL, 'www.phonehr.it', NULL, NULL, NULL, '111 Silicon Valley Road', 'San Jose', 'CA', '75145', 'USA', NULL, NULL, NULL);
INSERT INTO accounts (id, name, date_entered, date_modified, modified_user_id, created_by, description, deleted, assigned_user_id, account_type, industry, annual_revenue, phone_fax, billing_address_street, billing_address_city, billing_address_state, billing_address_postalcode, billing_address_country, rating, phone_office, phone_alternate, website, ownership, employees, ticker_symbol, shipping_address_street, shipping_address_city, shipping_address_state, shipping_address_postalcode, shipping_address_country, parent_id, sic_code, campaign_id) VALUES('3e69728b-7ab8-f28f-098e-546f0b42e0d6', 'Ink Conglomerate Inc', '2014-11-21 09:53:39', '2014-11-21 09:53:39', '1', '1', NULL, 0, 'seed_max_id', 'Customer', 'Media', NULL, NULL, '777 West Filmore Ln', 'Denver', 'CA', '76608', 'USA', NULL, '(049) 576-6011', NULL, 'www.sugarsupport.co.jp', NULL, NULL, NULL, '777 West Filmore Ln', 'Denver', 'CA', '76608', 'USA', NULL, NULL, NULL);
INSERT INTO accounts (id, name, date_entered, date_modified, modified_user_id, created_by, description, deleted, assigned_user_id, account_type, industry, annual_revenue, phone_fax, billing_address_street, billing_address_city, billing_address_state, billing_address_postalcode, billing_address_country, rating, phone_office, phone_alternate, website, ownership, employees, ticker_symbol, shipping_address_street, shipping_address_city, shipping_address_state, shipping_address_postalcode, shipping_address_country, parent_id, sic_code, campaign_id) VALUES('48fb43d5-0464-700d-f982-546f0b1beb47', 'A.G. Parr PLC', '2014-11-21 09:53:39', '2014-11-21 09:53:39', '1', '1', NULL, 0, 'seed_sarah_id', 'Customer', 'Other', NULL, NULL, '321 University Ave.', 'Kansas City', 'CA', '99638', 'USA', NULL, '(128) 536-7729', NULL, 'www.veganim.com', NULL, NULL, NULL, '321 University Ave.', 'Kansas City', 'CA', '99638', 'USA', NULL, NULL, NULL);
INSERT INTO accounts (id, name, date_entered, date_modified, modified_user_id, created_by, description, deleted, assigned_user_id, account_type, industry, annual_revenue, phone_fax, billing_address_street, billing_address_city, billing_address_state, billing_address_postalcode, billing_address_country, rating, phone_office, phone_alternate, website, ownership, employees, ticker_symbol, shipping_address_street, shipping_address_city, shipping_address_state, shipping_address_postalcode, shipping_address_country, parent_id, sic_code, campaign_id) VALUES('49bb4874-4e61-e713-69d9-546f0b9d238e', 'Powell Funding', '2014-11-21 09:53:39', '2014-11-21 09:53:39', '1', '1', NULL, 0, 'seed_sarah_id', 'Customer', 'Recreation', NULL, NULL, '67321 West Siam St.', 'Alabama', 'CA', '79637', 'USA', NULL, '(733) 542-6280', NULL, 'www.supportkid.info', NULL, NULL, NULL, '67321 West Siam St.', 'Alabama', 'CA', '79637', 'USA', NULL, NULL, NULL);
INSERT INTO accounts (id, name, date_entered, date_modified, modified_user_id, created_by, description, deleted, assigned_user_id, account_type, industry, annual_revenue, phone_fax, billing_address_street, billing_address_city, billing_address_state, billing_address_postalcode, billing_address_country, rating, phone_office, phone_alternate, website, ownership, employees, ticker_symbol, shipping_address_street, shipping_address_city, shipping_address_state, shipping_address_postalcode, shipping_address_country, parent_id, sic_code, campaign_id) VALUES('50ff0656-2ce7-7104-8f7b-546f0b660db9', 'TJ O''Rourke Inc', '2014-11-21 09:53:39', '2014-11-21 09:53:39', '1', '1', NULL, 0, 'seed_will_id', 'Customer', 'Not For Profit', NULL, NULL, '111 Silicon Valley Road', 'Cupertino', 'NY', '33034', 'USA', NULL, '(696) 138-7227', NULL, 'www.imphone.cn', NULL, NULL, NULL, '111 Silicon Valley Road', 'Cupertino', 'NY', '33034', 'USA', NULL, NULL, NULL);
INSERT INTO accounts (id, name, date_entered, date_modified, modified_user_id, created_by, description, deleted, assigned_user_id, account_type, industry, annual_revenue, phone_fax, billing_address_street, billing_address_city, billing_address_state, billing_address_postalcode, billing_address_country, rating, phone_office, phone_alternate, website, ownership, employees, ticker_symbol, shipping_address_street, shipping_address_city, shipping_address_state, shipping_address_postalcode, shipping_address_country, parent_id, sic_code, campaign_id) VALUES('51c3144a-7fc4-ecc7-2f84-546f0b3b6ed8', 'Rhyme & Reason Inc', '2014-11-21 09:53:39', '2014-11-21 09:53:39', '1', '1', NULL, 0, 'seed_will_id', 'Customer', 'Environmental', NULL, NULL, '1715 Scott Dr', 'San Jose', 'NY', '36472', 'USA', NULL, '(967) 018-2283', NULL, 'www.saleskid.org', NULL, NULL, NULL, '1715 Scott Dr', 'San Jose', 'NY', '36472', 'USA', NULL, NULL, NULL);
INSERT INTO accounts (id, name, date_entered, date_modified, modified_user_id, created_by, description, deleted, assigned_user_id, account_type, industry, annual_revenue, phone_fax, billing_address_street, billing_address_city, billing_address_state, billing_address_postalcode, billing_address_country, rating, phone_office, phone_alternate, website, ownership, employees, ticker_symbol, shipping_address_street, shipping_address_city, shipping_address_state, shipping_address_postalcode, shipping_address_country, parent_id, sic_code, campaign_id) VALUES('55547778-b8a4-75d0-f911-546f0be05880', 'Sunyvale Reporting Ltd', '2014-11-21 09:53:39', '2014-11-21 09:53:39', '1', '1', NULL, 0, 'seed_chris_id', 'Customer', 'Biotechnology', NULL, NULL, '123 Anywhere Street', 'San Jose', 'NY', '28832', 'USA', NULL, '(872) 022-0724', NULL, 'www.supportthe.co.uk', NULL, NULL, NULL, '123 Anywhere Street', 'San Jose', 'NY', '28832', 'USA', NULL, NULL, NULL);
INSERT INTO accounts (id, name, date_entered, date_modified, modified_user_id, created_by, description, deleted, assigned_user_id, account_type, industry, annual_revenue, phone_fax, billing_address_street, billing_address_city, billing_address_state, billing_address_postalcode, billing_address_country, rating, phone_office, phone_alternate, website, ownership, employees, ticker_symbol, shipping_address_street, shipping_address_city, shipping_address_state, shipping_address_postalcode, shipping_address_country, parent_id, sic_code, campaign_id) VALUES('57e3225e-be98-3f6e-a43e-546f0bb37a6d', 'J.K.M. Corp (HA)', '2014-11-21 09:53:39', '2014-11-21 09:53:39', '1', '1', NULL, 0, 'seed_max_id', 'Customer', 'Education', NULL, NULL, '777 West Filmore Ln', 'San Francisco', 'CA', '48600', 'USA', NULL, '(688) 164-4475', NULL, 'www.kidqa.tw', NULL, NULL, NULL, '777 West Filmore Ln', 'San Francisco', 'CA', '48600', 'USA', NULL, NULL, NULL);
INSERT INTO accounts (id, name, date_entered, date_modified, modified_user_id, created_by, description, deleted, assigned_user_id, account_type, industry, annual_revenue, phone_fax, billing_address_street, billing_address_city, billing_address_state, billing_address_postalcode, billing_address_country, rating, phone_office, phone_alternate, website, ownership, employees, ticker_symbol, shipping_address_street, shipping_address_city, shipping_address_state, shipping_address_postalcode, shipping_address_country, parent_id, sic_code, campaign_id) VALUES('5e935cfe-638a-71c6-9878-546f0bcea163', 'Hammer Group Inc', '2014-11-21 09:53:39', '2014-11-21 09:53:39', '1', '1', NULL, 0, 'seed_will_id', 'Customer', 'Manufacturing', NULL, NULL, '9 IBM Path', 'San Mateo', 'NY', '81675', 'USA', NULL, '(747) 010-4640', NULL, 'www.imthe.net', NULL, NULL, NULL, '9 IBM Path', 'San Mateo', 'NY', '81675', 'USA', NULL, NULL, NULL);
INSERT INTO accounts (id, name, date_entered, date_modified, modified_user_id, created_by, description, deleted, assigned_user_id, account_type, industry, annual_revenue, phone_fax, billing_address_street, billing_address_city, billing_address_state, billing_address_postalcode, billing_address_country, rating, phone_office, phone_alternate, website, ownership, employees, ticker_symbol, shipping_address_street, shipping_address_city, shipping_address_state, shipping_address_postalcode, shipping_address_country, parent_id, sic_code, campaign_id) VALUES('5f669f5b-4d3b-01e3-f600-546f0bae7e34', 'Pullman Cart Company', '2014-11-21 09:53:39', '2014-11-21 09:53:39', '1', '1', NULL, 0, 'seed_will_id', 'Customer', 'Retail', NULL, NULL, '111 Silicon Valley Road', 'Cupertino', 'NY', '67421', 'USA', NULL, '(831) 221-4663', NULL, 'www.kidvegan.info', NULL, NULL, NULL, '111 Silicon Valley Road', 'Cupertino', 'NY', '67421', 'USA', NULL, NULL, NULL);
INSERT INTO accounts (id, name, date_entered, date_modified, modified_user_id, created_by, description, deleted, assigned_user_id, account_type, industry, annual_revenue, phone_fax, billing_address_street, billing_address_city, billing_address_state, billing_address_postalcode, billing_address_country, rating, phone_office, phone_alternate, website, ownership, employees, ticker_symbol, shipping_address_street, shipping_address_city, shipping_address_state, shipping_address_postalcode, shipping_address_country, parent_id, sic_code, campaign_id) VALUES('6c46d55a-b6ac-422c-5b12-546f0be130d0', 'Union Bank', '2014-11-21 09:53:39', '2014-11-21 09:53:39', '1', '1', NULL, 0, 'seed_sally_id', 'Customer', 'Environmental', NULL, NULL, '48920 San Carlos Ave', 'Ohio', 'CA', '28395', 'USA', NULL, '(688) 341-1392', NULL, 'www.devsales.edu', NULL, NULL, NULL, '48920 San Carlos Ave', 'Ohio', 'CA', '28395', 'USA', NULL, NULL, NULL);
INSERT INTO accounts (id, name, date_entered, date_modified, modified_user_id, created_by, description, deleted, assigned_user_id, account_type, industry, annual_revenue, phone_fax, billing_address_street, billing_address_city, billing_address_state, billing_address_postalcode, billing_address_country, rating, phone_office, phone_alternate, website, ownership, employees, ticker_symbol, shipping_address_street, shipping_address_city, shipping_address_state, shipping_address_postalcode, shipping_address_country, parent_id, sic_code, campaign_id) VALUES('71089f73-127b-e8de-1a75-546f0b6ad949', 'Hollywood Diner Ltd', '2014-11-21 09:53:39', '2014-11-21 09:53:39', '1', '1', NULL, 0, 'seed_sarah_id', 'Customer', 'Chemicals', NULL, NULL, '1715 Scott Dr', 'Persistance', 'CA', '75688', 'USA', NULL, '(591) 827-3521', NULL, 'www.beansphone.co.uk', NULL, NULL, NULL, '1715 Scott Dr', 'Persistance', 'CA', '75688', 'USA', NULL, NULL, NULL);
INSERT INTO accounts (id, name, date_entered, date_modified, modified_user_id, created_by, description, deleted, assigned_user_id, account_type, industry, annual_revenue, phone_fax, billing_address_street, billing_address_city, billing_address_state, billing_address_postalcode, billing_address_country, rating, phone_office, phone_alternate, website, ownership, employees, ticker_symbol, shipping_address_street, shipping_address_city, shipping_address_state, shipping_address_postalcode, shipping_address_country, parent_id, sic_code, campaign_id) VALUES('71bfefcd-1884-2a71-0b37-546f0bf188f6', 'Kaos Trading Ltd', '2014-11-21 09:53:39', '2014-11-21 09:53:39', '1', '1', NULL, 0, 'seed_max_id', 'Customer', 'Apparel', NULL, NULL, '999 Baker Way', 'St. Petersburg', 'CA', '46627', 'USA', NULL, '(684) 017-0502', NULL, 'www.qasales.edu', NULL, NULL, NULL, '999 Baker Way', 'St. Petersburg', 'CA', '46627', 'USA', NULL, NULL, NULL);
INSERT INTO accounts (id, name, date_entered, date_modified, modified_user_id, created_by, description, deleted, assigned_user_id, account_type, industry, annual_revenue, phone_fax, billing_address_street, billing_address_city, billing_address_state, billing_address_postalcode, billing_address_country, rating, phone_office, phone_alternate, website, ownership, employees, ticker_symbol, shipping_address_street, shipping_address_city, shipping_address_state, shipping_address_postalcode, shipping_address_country, parent_id, sic_code, campaign_id) VALUES('76694c07-dfff-418a-9a9e-546f0b1a9c98', 'B.H. Edwards Inc', '2014-11-21 09:53:39', '2014-11-21 09:53:39', '1', '1', NULL, 0, 'seed_sally_id', 'Customer', 'Entertainment', NULL, NULL, '9 IBM Path', 'Kansas City', 'CA', '15196', 'USA', NULL, '(659) 833-5629', NULL, 'www.devinfo.biz', NULL, NULL, NULL, '9 IBM Path', 'Kansas City', 'CA', '15196', 'USA', NULL, NULL, NULL);
INSERT INTO accounts (id, name, date_entered, date_modified, modified_user_id, created_by, description, deleted, assigned_user_id, account_type, industry, annual_revenue, phone_fax, billing_address_street, billing_address_city, billing_address_state, billing_address_postalcode, billing_address_country, rating, phone_office, phone_alternate, website, ownership, employees, ticker_symbol, shipping_address_street, shipping_address_city, shipping_address_state, shipping_address_postalcode, shipping_address_country, parent_id, sic_code, campaign_id) VALUES('7e014aa8-0f47-df4a-26c3-546f0b22a0fb', 'Southern Realty', '2014-11-21 09:53:39', '2014-11-21 09:53:39', '1', '1', NULL, 0, 'seed_max_id', 'Customer', 'Machinery', NULL, NULL, '111 Silicon Valley Road', 'San Mateo', 'CA', '54768', 'USA', NULL, '(305) 733-6442', NULL, 'www.devbeans.name', NULL, NULL, NULL, '111 Silicon Valley Road', 'San Mateo', 'CA', '54768', 'USA', NULL, NULL, NULL);
INSERT INTO accounts (id, name, date_entered, date_modified, modified_user_id, created_by, description, deleted, assigned_user_id, account_type, industry, annual_revenue, phone_fax, billing_address_street, billing_address_city, billing_address_state, billing_address_postalcode, billing_address_country, rating, phone_office, phone_alternate, website, ownership, employees, ticker_symbol, shipping_address_street, shipping_address_city, shipping_address_state, shipping_address_postalcode, shipping_address_country, parent_id, sic_code, campaign_id) VALUES('828cd8e1-7450-a3ec-8965-546f0b358378', 'Lexington Shores Corp', '2014-11-21 09:53:39', '2014-11-21 09:53:39', '1', '1', NULL, 0, 'seed_sarah_id', 'Customer', 'Education', NULL, NULL, '999 Baker Way', 'San Jose', 'CA', '17590', 'USA', NULL, '(311) 819-1581', NULL, 'www.imkid.biz', NULL, NULL, NULL, '999 Baker Way', 'San Jose', 'CA', '17590', 'USA', NULL, NULL, NULL);
INSERT INTO accounts (id, name, date_entered, date_modified, modified_user_id, created_by, description, deleted, assigned_user_id, account_type, industry, annual_revenue, phone_fax, billing_address_street, billing_address_city, billing_address_state, billing_address_postalcode, billing_address_country, rating, phone_office, phone_alternate, website, ownership, employees, ticker_symbol, shipping_address_street, shipping_address_city, shipping_address_state, shipping_address_postalcode, shipping_address_country, parent_id, sic_code, campaign_id) VALUES('83f3049a-8c07-74c6-aac9-546f0b1ca6ac', 'JJ Resources Inc', '2014-11-21 09:53:39', '2014-11-21 09:53:39', '1', '1', NULL, 0, 'seed_will_id', 'Customer', 'Other', NULL, NULL, '777 West Filmore Ln', 'Cupertino', 'NY', '92146', 'USA', NULL, '(622) 467-5197', NULL, 'www.sugarkid.tv', NULL, NULL, NULL, '777 West Filmore Ln', 'Cupertino', 'NY', '92146', 'USA', NULL, NULL, NULL);
INSERT INTO accounts (id, name, date_entered, date_modified, modified_user_id, created_by, description, deleted, assigned_user_id, account_type, industry, annual_revenue, phone_fax, billing_address_street, billing_address_city, billing_address_state, billing_address_postalcode, billing_address_country, rating, phone_office, phone_alternate, website, ownership, employees, ticker_symbol, shipping_address_street, shipping_address_city, shipping_address_state, shipping_address_postalcode, shipping_address_country, parent_id, sic_code, campaign_id) VALUES('886cdaf1-a477-3fd4-8a6a-546f0b2acd6c', 'RR. Talker Co', '2014-11-21 09:53:39', '2014-11-21 09:53:39', '1', '1', NULL, 0, 'seed_sarah_id', 'Customer', 'Telecommunications', NULL, NULL, '111 Silicon Valley Road', 'Santa Fe', 'CA', '15206', 'USA', NULL, '(432) 935-7006', NULL, 'www.phonesales.com', NULL, NULL, NULL, '111 Silicon Valley Road', 'Santa Fe', 'CA', '15206', 'USA', NULL, NULL, NULL);
INSERT INTO accounts (id, name, date_entered, date_modified, modified_user_id, created_by, description, deleted, assigned_user_id, account_type, industry, annual_revenue, phone_fax, billing_address_street, billing_address_city, billing_address_state, billing_address_postalcode, billing_address_country, rating, phone_office, phone_alternate, website, ownership, employees, ticker_symbol, shipping_address_street, shipping_address_city, shipping_address_state, shipping_address_postalcode, shipping_address_country, parent_id, sic_code, campaign_id) VALUES('951a8a4b-7a6d-5db9-2cd7-546f0b642612', 'MMM Mortuary Corp', '2014-11-21 09:53:39', '2014-11-21 09:53:39', '1', '1', NULL, 0, 'seed_max_id', 'Customer', 'Recreation', NULL, NULL, '999 Baker Way', 'Los Angeles', 'CA', '50538', 'USA', NULL, '(331) 582-1937', NULL, 'www.imsales.org', NULL, NULL, NULL, '999 Baker Way', 'Los Angeles', 'CA', '50538', 'USA', NULL, NULL, NULL);
INSERT INTO accounts (id, name, date_entered, date_modified, modified_user_id, created_by, description, deleted, assigned_user_id, account_type, industry, annual_revenue, phone_fax, billing_address_street, billing_address_city, billing_address_state, billing_address_postalcode, billing_address_country, rating, phone_office, phone_alternate, website, ownership, employees, ticker_symbol, shipping_address_street, shipping_address_city, shipping_address_state, shipping_address_postalcode, shipping_address_country, parent_id, sic_code, campaign_id) VALUES('95ea3a76-c708-e6ee-1b4a-546f0b093790', 'X-Sell Holdings', '2014-11-21 09:53:39', '2014-11-21 09:53:39', '1', '1', NULL, 0, 'seed_will_id', 'Customer', 'Healthcare', NULL, NULL, '777 West Filmore Ln', 'San Jose', 'NY', '87587', 'USA', NULL, '(772) 788-1700', NULL, 'www.veganim.info', NULL, NULL, NULL, '777 West Filmore Ln', 'San Jose', 'NY', '87587', 'USA', NULL, NULL, NULL);
INSERT INTO accounts (id, name, date_entered, date_modified, modified_user_id, created_by, description, deleted, assigned_user_id, account_type, industry, annual_revenue, phone_fax, billing_address_street, billing_address_city, billing_address_state, billing_address_postalcode, billing_address_country, rating, phone_office, phone_alternate, website, ownership, employees, ticker_symbol, shipping_address_street, shipping_address_city, shipping_address_state, shipping_address_postalcode, shipping_address_country, parent_id, sic_code, campaign_id) VALUES('9881d624-00d8-aca0-92e1-546f0b19a419', 'S Cane Sweeteners Ltd', '2014-11-21 09:53:39', '2014-11-21 09:53:39', '1', '1', NULL, 0, 'seed_sally_id', 'Customer', 'Hospitality', NULL, NULL, '111 Silicon Valley Road', 'Cupertino', 'CA', '22854', 'USA', NULL, '(345) 271-6097', NULL, 'www.sectioninfo.co.uk', NULL, NULL, NULL, '111 Silicon Valley Road', 'Cupertino', 'CA', '22854', 'USA', NULL, NULL, NULL);
INSERT INTO accounts (id, name, date_entered, date_modified, modified_user_id, created_by, description, deleted, assigned_user_id, account_type, industry, annual_revenue, phone_fax, billing_address_street, billing_address_city, billing_address_state, billing_address_postalcode, billing_address_country, rating, phone_office, phone_alternate, website, ownership, employees, ticker_symbol, shipping_address_street, shipping_address_city, shipping_address_state, shipping_address_postalcode, shipping_address_country, parent_id, sic_code, campaign_id) VALUES('9ec68dde-b6e2-fc18-f7ef-546f0bf02fde', 'Income Free Investing LP', '2014-11-21 09:53:39', '2014-11-21 09:53:39', '1', '1', NULL, 0, 'seed_sarah_id', 'Customer', 'Consulting', NULL, NULL, '1715 Scott Dr', 'Denver', 'CA', '88314', 'USA', NULL, '(260) 760-8462', NULL, 'www.sectionsales.name', NULL, NULL, NULL, '1715 Scott Dr', 'Denver', 'CA', '88314', 'USA', NULL, NULL, NULL);
INSERT INTO accounts (id, name, date_entered, date_modified, modified_user_id, created_by, description, deleted, assigned_user_id, account_type, industry, annual_revenue, phone_fax, billing_address_street, billing_address_city, billing_address_state, billing_address_postalcode, billing_address_country, rating, phone_office, phone_alternate, website, ownership, employees, ticker_symbol, shipping_address_street, shipping_address_city, shipping_address_state, shipping_address_postalcode, shipping_address_country, parent_id, sic_code, campaign_id) VALUES('a0d2c7cc-3436-c3ec-b389-546f0bed0055', 'Avery Software Co', '2014-11-21 09:53:39', '2014-11-21 09:53:39', '1', '1', NULL, 0, 'seed_will_id', 'Customer', 'Insurance', NULL, NULL, '123 Anywhere Street', 'St. Petersburg', 'NY', '73583', 'USA', NULL, '(851) 550-6504', NULL, 'www.kidsales.org', NULL, NULL, NULL, '123 Anywhere Street', 'St. Petersburg', 'NY', '73583', 'USA', NULL, NULL, NULL);
INSERT INTO accounts (id, name, date_entered, date_modified, modified_user_id, created_by, description, deleted, assigned_user_id, account_type, industry, annual_revenue, phone_fax, billing_address_street, billing_address_city, billing_address_state, billing_address_postalcode, billing_address_country, rating, phone_office, phone_alternate, website, ownership, employees, ticker_symbol, shipping_address_street, shipping_address_city, shipping_address_state, shipping_address_postalcode, shipping_address_country, parent_id, sic_code, campaign_id) VALUES('ab11bfff-6b76-a059-9b90-546f0bb3b187', 'Mississippi Bank Group', '2014-11-21 09:53:39', '2014-11-21 09:53:39', '1', '1', NULL, 0, 'seed_chris_id', 'Customer', 'Entertainment', NULL, NULL, '321 University Ave.', 'San Jose', 'NY', '25404', 'USA', NULL, '(869) 843-4583', NULL, 'www.infosales.name', NULL, NULL, NULL, '321 University Ave.', 'San Jose', 'NY', '25404', 'USA', NULL, NULL, NULL);
INSERT INTO accounts (id, name, date_entered, date_modified, modified_user_id, created_by, description, deleted, assigned_user_id, account_type, industry, annual_revenue, phone_fax, billing_address_street, billing_address_city, billing_address_state, billing_address_postalcode, billing_address_country, rating, phone_office, phone_alternate, website, ownership, employees, ticker_symbol, shipping_address_street, shipping_address_city, shipping_address_state, shipping_address_postalcode, shipping_address_country, parent_id, sic_code, campaign_id) VALUES('af5f1b8d-173e-38c4-82d8-546f0b3c99e9', 'Hollywood Diner Ltd', '2014-11-21 09:53:39', '2014-11-21 09:53:39', '1', '1', NULL, 0, 'seed_will_id', 'Customer', 'Shipping', NULL, NULL, '1715 Scott Dr', 'Kansas City', 'NY', '10902', 'USA', NULL, '(726) 186-5551', NULL, 'www.imvegan.tv', NULL, NULL, NULL, '1715 Scott Dr', 'Kansas City', 'NY', '10902', 'USA', NULL, NULL, NULL);
INSERT INTO accounts (id, name, date_entered, date_modified, modified_user_id, created_by, description, deleted, assigned_user_id, account_type, industry, annual_revenue, phone_fax, billing_address_street, billing_address_city, billing_address_state, billing_address_postalcode, billing_address_country, rating, phone_office, phone_alternate, website, ownership, employees, ticker_symbol, shipping_address_street, shipping_address_city, shipping_address_state, shipping_address_postalcode, shipping_address_country, parent_id, sic_code, campaign_id) VALUES('b73dce6b-dfb4-49d4-1fb1-546f0b0c43fa', 'NW Bridge Construction', '2014-11-21 09:53:39', '2014-11-21 09:53:39', '1', '1', NULL, 0, 'seed_chris_id', 'Customer', 'Insurance', NULL, NULL, '321 University Ave.', 'Cupertino', 'NY', '55555', 'USA', NULL, '(342) 311-6805', NULL, 'www.supportim.it', NULL, NULL, NULL, '321 University Ave.', 'Cupertino', 'NY', '55555', 'USA', NULL, NULL, NULL);
INSERT INTO accounts (id, name, date_entered, date_modified, modified_user_id, created_by, description, deleted, assigned_user_id, account_type, industry, annual_revenue, phone_fax, billing_address_street, billing_address_city, billing_address_state, billing_address_postalcode, billing_address_country, rating, phone_office, phone_alternate, website, ownership, employees, ticker_symbol, shipping_address_street, shipping_address_city, shipping_address_state, shipping_address_postalcode, shipping_address_country, parent_id, sic_code, campaign_id) VALUES('b76f29f2-98ba-c810-1b07-546f0bfd784b', 'Constrata Trust LLC', '2014-11-21 09:53:39', '2014-11-21 09:53:39', '1', '1', NULL, 0, 'seed_sally_id', 'Customer', 'Shipping', NULL, NULL, '999 Baker Way', 'Kansas City', 'CA', '15683', 'USA', NULL, '(586) 456-4536', NULL, 'www.qavegan.info', NULL, NULL, NULL, '999 Baker Way', 'Kansas City', 'CA', '15683', 'USA', NULL, NULL, NULL);
INSERT INTO accounts (id, name, date_entered, date_modified, modified_user_id, created_by, description, deleted, assigned_user_id, account_type, industry, annual_revenue, phone_fax, billing_address_street, billing_address_city, billing_address_state, billing_address_postalcode, billing_address_country, rating, phone_office, phone_alternate, website, ownership, employees, ticker_symbol, shipping_address_street, shipping_address_city, shipping_address_state, shipping_address_postalcode, shipping_address_country, parent_id, sic_code, campaign_id) VALUES('bee8e160-4e7c-c167-33b0-546f0bf759fe', 'RRR Advertising Inc.', '2014-11-21 09:53:39', '2014-11-21 09:53:39', '1', '1', NULL, 0, 'seed_chris_id', 'Customer', 'Retail', NULL, NULL, '67321 West Siam St.', 'Santa Fe', 'NY', '25384', 'USA', NULL, '(014) 658-4292', NULL, 'www.thehr.net', NULL, NULL, NULL, '67321 West Siam St.', 'Santa Fe', 'NY', '25384', 'USA', NULL, NULL, NULL);
INSERT INTO accounts (id, name, date_entered, date_modified, modified_user_id, created_by, description, deleted, assigned_user_id, account_type, industry, annual_revenue, phone_fax, billing_address_street, billing_address_city, billing_address_state, billing_address_postalcode, billing_address_country, rating, phone_office, phone_alternate, website, ownership, employees, ticker_symbol, shipping_address_street, shipping_address_city, shipping_address_state, shipping_address_postalcode, shipping_address_country, parent_id, sic_code, campaign_id) VALUES('c66f437c-9399-9569-bd9f-546f0b446932', 'MTM Investment Bank F S B', '2014-11-21 09:53:39', '2014-11-21 09:53:39', '1', '1', NULL, 0, 'seed_max_id', 'Customer', 'Finance', NULL, NULL, '111 Silicon Valley Road', 'Denver', 'CA', '66130', 'USA', NULL, '(912) 312-3030', NULL, 'www.kidsales.co.uk', NULL, NULL, NULL, '111 Silicon Valley Road', 'Denver', 'CA', '66130', 'USA', NULL, NULL, NULL);
INSERT INTO accounts (id, name, date_entered, date_modified, modified_user_id, created_by, description, deleted, assigned_user_id, account_type, industry, annual_revenue, phone_fax, billing_address_street, billing_address_city, billing_address_state, billing_address_postalcode, billing_address_country, rating, phone_office, phone_alternate, website, ownership, employees, ticker_symbol, shipping_address_street, shipping_address_city, shipping_address_state, shipping_address_postalcode, shipping_address_country, parent_id, sic_code, campaign_id) VALUES('c69802e8-567a-751b-94c7-546f0b96b6dd', 'JAB Funds Ltd.', '2014-11-21 09:53:39', '2014-11-21 09:53:39', '1', '1', NULL, 0, 'seed_sally_id', 'Customer', 'Shipping', NULL, NULL, '111 Silicon Valley Road', 'Persistance', 'CA', '33186', 'USA', NULL, '(154) 512-9612', NULL, 'www.imsupport.de', NULL, NULL, NULL, '111 Silicon Valley Road', 'Persistance', 'CA', '33186', 'USA', NULL, NULL, NULL);
INSERT INTO accounts (id, name, date_entered, date_modified, modified_user_id, created_by, description, deleted, assigned_user_id, account_type, industry, annual_revenue, phone_fax, billing_address_street, billing_address_city, billing_address_state, billing_address_postalcode, billing_address_country, rating, phone_office, phone_alternate, website, ownership, employees, ticker_symbol, shipping_address_street, shipping_address_city, shipping_address_state, shipping_address_postalcode, shipping_address_country, parent_id, sic_code, campaign_id) VALUES('c77ec30a-a7e0-3176-d10f-546f0b0a51ce', 'Aim Capital Inc', '2014-11-21 09:53:39', '2014-11-21 09:53:39', '1', '1', NULL, 0, 'seed_sally_id', 'Customer', 'Machinery', NULL, NULL, '1715 Scott Dr', 'Ohio', 'CA', '58042', 'USA', NULL, '(328) 713-5904', NULL, 'www.devkid.org', NULL, NULL, NULL, '1715 Scott Dr', 'Ohio', 'CA', '58042', 'USA', NULL, NULL, NULL);
INSERT INTO accounts (id, name, date_entered, date_modified, modified_user_id, created_by, description, deleted, assigned_user_id, account_type, industry, annual_revenue, phone_fax, billing_address_street, billing_address_city, billing_address_state, billing_address_postalcode, billing_address_country, rating, phone_office, phone_alternate, website, ownership, employees, ticker_symbol, shipping_address_street, shipping_address_city, shipping_address_state, shipping_address_postalcode, shipping_address_country, parent_id, sic_code, campaign_id) VALUES('ceda2c0d-3996-e0d1-d59b-546f0b258e8d', 'AtoZ Co Ltd', '2014-11-21 09:53:39', '2014-11-21 09:53:39', '1', '1', NULL, 0, 'seed_sarah_id', 'Customer', 'Finance', NULL, NULL, '345 Sugar Blvd.', 'San Mateo', 'CA', '54653', 'USA', NULL, '(556) 086-0400', NULL, 'www.kidsupport.it', NULL, NULL, NULL, '345 Sugar Blvd.', 'San Mateo', 'CA', '54653', 'USA', NULL, NULL, NULL);
INSERT INTO accounts (id, name, date_entered, date_modified, modified_user_id, created_by, description, deleted, assigned_user_id, account_type, industry, annual_revenue, phone_fax, billing_address_street, billing_address_city, billing_address_state, billing_address_postalcode, billing_address_country, rating, phone_office, phone_alternate, website, ownership, employees, ticker_symbol, shipping_address_street, shipping_address_city, shipping_address_state, shipping_address_postalcode, shipping_address_country, parent_id, sic_code, campaign_id) VALUES('d180e82b-ce0d-5769-9eb2-546f0bac275b', 'Tracker Com LP', '2014-11-21 09:53:39', '2014-11-21 09:53:39', '1', '1', NULL, 0, 'seed_sally_id', 'Customer', 'Manufacturing', NULL, NULL, '123 Anywhere Street', 'San Mateo', 'CA', '32118', 'USA', NULL, '(829) 941-8940', NULL, 'www.imvegan.cn', NULL, NULL, NULL, '123 Anywhere Street', 'San Mateo', 'CA', '32118', 'USA', NULL, NULL, NULL);
INSERT INTO accounts (id, name, date_entered, date_modified, modified_user_id, created_by, description, deleted, assigned_user_id, account_type, industry, annual_revenue, phone_fax, billing_address_street, billing_address_city, billing_address_state, billing_address_postalcode, billing_address_country, rating, phone_office, phone_alternate, website, ownership, employees, ticker_symbol, shipping_address_street, shipping_address_city, shipping_address_state, shipping_address_postalcode, shipping_address_country, parent_id, sic_code, campaign_id) VALUES('d900fbf6-e42a-f47f-59be-546f0b9130b3', 'Avery Software Co', '2014-11-21 09:53:39', '2014-11-21 09:53:39', '1', '1', NULL, 0, 'seed_max_id', 'Customer', 'Government', NULL, NULL, '123 Anywhere Street', 'San Mateo', 'CA', '59516', 'USA', NULL, '(181) 113-4040', NULL, 'www.kidvegan.org', NULL, NULL, NULL, '123 Anywhere Street', 'San Mateo', 'CA', '59516', 'USA', NULL, NULL, NULL);
INSERT INTO accounts (id, name, date_entered, date_modified, modified_user_id, created_by, description, deleted, assigned_user_id, account_type, industry, annual_revenue, phone_fax, billing_address_street, billing_address_city, billing_address_state, billing_address_postalcode, billing_address_country, rating, phone_office, phone_alternate, website, ownership, employees, ticker_symbol, shipping_address_street, shipping_address_city, shipping_address_state, shipping_address_postalcode, shipping_address_country, parent_id, sic_code, campaign_id) VALUES('dd1ce78a-b6d6-b8a0-917e-546f0ba4908e', 'King Software Inc', '2014-11-21 09:53:39', '2014-11-21 09:53:39', '1', '1', NULL, 0, 'seed_max_id', 'Customer', 'Engineering', NULL, NULL, '9 IBM Path', 'Santa Fe', 'CA', '17141', 'USA', NULL, '(415) 576-3292', NULL, 'www.vegankid.co.uk', NULL, NULL, NULL, '9 IBM Path', 'Santa Fe', 'CA', '17141', 'USA', NULL, NULL, NULL);
INSERT INTO accounts (id, name, date_entered, date_modified, modified_user_id, created_by, description, deleted, assigned_user_id, account_type, industry, annual_revenue, phone_fax, billing_address_street, billing_address_city, billing_address_state, billing_address_postalcode, billing_address_country, rating, phone_office, phone_alternate, website, ownership, employees, ticker_symbol, shipping_address_street, shipping_address_city, shipping_address_state, shipping_address_postalcode, shipping_address_country, parent_id, sic_code, campaign_id) VALUES('dd55cac1-2a6b-e674-b751-546f0bc57439', 'X-Sell Holdings', '2014-11-21 09:53:39', '2014-11-21 09:53:39', '1', '1', NULL, 0, 'seed_chris_id', 'Customer', 'Manufacturing', NULL, NULL, '123 Anywhere Street', 'Santa Fe', 'NY', '35952', 'USA', NULL, '(889) 454-5850', NULL, 'www.kidsales.it', NULL, NULL, NULL, '123 Anywhere Street', 'Santa Fe', 'NY', '35952', 'USA', NULL, NULL, NULL);
INSERT INTO accounts (id, name, date_entered, date_modified, modified_user_id, created_by, description, deleted, assigned_user_id, account_type, industry, annual_revenue, phone_fax, billing_address_street, billing_address_city, billing_address_state, billing_address_postalcode, billing_address_country, rating, phone_office, phone_alternate, website, ownership, employees, ticker_symbol, shipping_address_street, shipping_address_city, shipping_address_state, shipping_address_postalcode, shipping_address_country, parent_id, sic_code, campaign_id) VALUES('e64bc206-e528-d225-ea9d-546f0bf0637c', 'Aim Capital Inc', '2014-11-21 09:53:39', '2014-11-21 09:53:39', '1', '1', NULL, 0, 'seed_sally_id', 'Customer', 'Other', NULL, NULL, '9 IBM Path', 'Sunnyvale', 'CA', '57220', 'USA', NULL, '(744) 860-9719', NULL, 'www.devphone.de', NULL, NULL, NULL, '9 IBM Path', 'Sunnyvale', 'CA', '57220', 'USA', NULL, NULL, NULL);
INSERT INTO accounts (id, name, date_entered, date_modified, modified_user_id, created_by, description, deleted, assigned_user_id, account_type, industry, annual_revenue, phone_fax, billing_address_street, billing_address_city, billing_address_state, billing_address_postalcode, billing_address_country, rating, phone_office, phone_alternate, website, ownership, employees, ticker_symbol, shipping_address_street, shipping_address_city, shipping_address_state, shipping_address_postalcode, shipping_address_country, parent_id, sic_code, campaign_id) VALUES('e9b3f012-a139-b2b0-4031-546f0b2cce11', 'Lexington Shores Corp', '2014-11-21 09:53:39', '2014-11-21 09:53:39', '1', '1', NULL, 0, 'seed_sarah_id', 'Customer', 'Communications', NULL, NULL, '123 Anywhere Street', 'Sunnyvale', 'CA', '63725', 'USA', NULL, '(707) 118-9621', NULL, 'www.kidvegan.de', NULL, NULL, NULL, '123 Anywhere Street', 'Sunnyvale', 'CA', '63725', 'USA', NULL, NULL, NULL);
INSERT INTO accounts (id, name, date_entered, date_modified, modified_user_id, created_by, description, deleted, assigned_user_id, account_type, industry, annual_revenue, phone_fax, billing_address_street, billing_address_city, billing_address_state, billing_address_postalcode, billing_address_country, rating, phone_office, phone_alternate, website, ownership, employees, ticker_symbol, shipping_address_street, shipping_address_city, shipping_address_state, shipping_address_postalcode, shipping_address_country, parent_id, sic_code, campaign_id) VALUES('f1290450-bd32-e605-e93a-546f0bcc2091', 'JBC Banking Inc', '2014-11-21 09:53:39', '2014-11-21 09:53:39', '1', '1', NULL, 0, 'seed_sarah_id', 'Customer', 'Energy', NULL, NULL, '123 Anywhere Street', 'Alabama', 'CA', '62806', 'USA', NULL, '(033) 600-5331', NULL, 'www.phoneinfo.co.jp', NULL, NULL, NULL, '123 Anywhere Street', 'Alabama', 'CA', '62806', 'USA', NULL, NULL, NULL);
INSERT INTO accounts (id, name, date_entered, date_modified, modified_user_id, created_by, description, deleted, assigned_user_id, account_type, industry, annual_revenue, phone_fax, billing_address_street, billing_address_city, billing_address_state, billing_address_postalcode, billing_address_country, rating, phone_office, phone_alternate, website, ownership, employees, ticker_symbol, shipping_address_street, shipping_address_city, shipping_address_state, shipping_address_postalcode, shipping_address_country, parent_id, sic_code, campaign_id) VALUES('f4600a07-e479-8ae0-1c75-546f0bdef358', 'Overhead & Underfoot Ltd.', '2014-11-21 09:53:39', '2014-11-21 09:53:39', '1', '1', NULL, 0, 'seed_max_id', 'Customer', 'Finance', NULL, NULL, '999 Baker Way', 'San Jose', 'CA', '21629', 'USA', NULL, '(103) 744-2488', NULL, 'www.beanshr.us', NULL, NULL, NULL, '999 Baker Way', 'San Jose', 'CA', '21629', 'USA', NULL, NULL, NULL);
INSERT INTO accounts_contacts (id, contact_id, account_id, date_modified, deleted) VALUES('10fb1cdf-15e2-1853-2583-546f0b719f5c', 'e1e908e2-44d4-2b04-ffef-546f0b6e6e9e', 'b76f29f2-98ba-c810-1b07-546f0bfd784b', '2014-11-21 09:53:39', 0);
INSERT INTO accounts_contacts (id, contact_id, account_id, date_modified, deleted) VALUES('11a7efd1-f95f-1956-4534-546f0b2836d3', 'bf87050d-b1d3-d88e-8600-546f0b94f06a', 'd180e82b-ce0d-5769-9eb2-546f0bac275b', '2014-11-21 09:53:39', 0);
INSERT INTO accounts_contacts (id, contact_id, account_id, date_modified, deleted) VALUES('14dc3b93-9097-f0b5-a4be-546f0b70c0b1', '1206109e-aabd-2198-fb83-546f0bf6495c', '51c3144a-7fc4-ecc7-2f84-546f0b3b6ed8', '2014-11-21 09:53:39', 0);
INSERT INTO accounts_contacts (id, contact_id, account_id, date_modified, deleted) VALUES('14e08dbf-034d-d904-0370-546f0b7530d5', 'eeeb0cf9-d2e6-0c80-5a01-546f0baf175a', '147eb488-931d-24c6-7768-546f0bd1c33b', '2014-11-21 09:53:39', 0);
INSERT INTO accounts_contacts (id, contact_id, account_id, date_modified, deleted) VALUES('15128eae-8408-3e5a-42b7-546f0b482449', '11f8af82-1141-1444-cce7-546f0b8d3677', '828cd8e1-7450-a3ec-8965-546f0b358378', '2014-11-21 09:53:39', 0);
INSERT INTO accounts_contacts (id, contact_id, account_id, date_modified, deleted) VALUES('15d2a8e0-6e2d-6e40-76ce-546f0b3a584c', '10bdadb0-bced-6d9e-af5d-546f0b3df38f', '33938732-8554-3bcb-0df8-546f0ba4376a', '2014-11-21 09:53:39', 0);
INSERT INTO accounts_contacts (id, contact_id, account_id, date_modified, deleted) VALUES('16a5f311-c048-dbcc-7873-546f0bd76e6f', '12afb9b3-a92d-b048-48ad-546f0b08802b', '76694c07-dfff-418a-9a9e-546f0b1a9c98', '2014-11-21 09:53:39', 0);
INSERT INTO accounts_contacts (id, contact_id, account_id, date_modified, deleted) VALUES('16ba555d-96b8-0bb1-6966-546f0b723989', 'd3030077-97c6-3680-de14-546f0b41e8c8', 'e9b3f012-a139-b2b0-4031-546f0b2cce11', '2014-11-21 09:53:39', 0);
INSERT INTO accounts_contacts (id, contact_id, account_id, date_modified, deleted) VALUES('18f2f07d-7999-023e-3b14-546f0bc0cb82', '158fbb56-9659-adbd-4bae-546f0b1b35ac', '34cf0c6a-655c-395e-6960-546f0b3a3228', '2014-11-21 09:53:39', 0);
INSERT INTO accounts_contacts (id, contact_id, account_id, date_modified, deleted) VALUES('1a3f6466-848d-7fc7-f24b-546f0b4166be', '14b3e0c7-f39b-ecb5-54e6-546f0b44b1f8', '34cf0c6a-655c-395e-6960-546f0b3a3228', '2014-11-21 09:53:39', 0);
INSERT INTO accounts_contacts (id, contact_id, account_id, date_modified, deleted) VALUES('1b7245f9-dffe-0918-ece7-546f0b81f172', '177f2fb7-82b4-8acc-9902-546f0ba8676c', '76694c07-dfff-418a-9a9e-546f0b1a9c98', '2014-11-21 09:53:39', 0);
INSERT INTO accounts_contacts (id, contact_id, account_id, date_modified, deleted) VALUES('1bf1d9a2-c74d-6021-b411-546f0b69da54', '131a5e73-1fb8-0ae2-6c65-546f0b4ae797', '33938732-8554-3bcb-0df8-546f0ba4376a', '2014-11-21 09:53:39', 0);
INSERT INTO accounts_contacts (id, contact_id, account_id, date_modified, deleted) VALUES('1eab88e6-5e1f-e75f-8466-546f0baeb68f', '18558693-9e79-5cf2-e9f6-546f0b77c090', '34cf0c6a-655c-395e-6960-546f0b3a3228', '2014-11-21 09:53:39', 0);
INSERT INTO accounts_contacts (id, contact_id, account_id, date_modified, deleted) VALUES('1ec23f5b-5964-332b-f41b-546f0bb5d9d1', '18d1bc0b-3758-7157-3ae1-546f0bc5ec8b', '828cd8e1-7450-a3ec-8965-546f0b358378', '2014-11-21 09:53:39', 0);
INSERT INTO accounts_contacts (id, contact_id, account_id, date_modified, deleted) VALUES('202fe24b-3f64-0fa1-865d-546f0b14c03e', '1d8ff461-3373-69d7-a052-546f0b2825ce', '3e69728b-7ab8-f28f-098e-546f0b42e0d6', '2014-11-21 09:53:39', 0);
INSERT INTO accounts_contacts (id, contact_id, account_id, date_modified, deleted) VALUES('2097f2e1-477d-67db-f3b5-546f0b91cd76', '3a8a028d-efdf-9a6b-c761-546f0b845f91', '9881d624-00d8-aca0-92e1-546f0b19a419', '2014-11-21 09:53:39', 0);
INSERT INTO accounts_contacts (id, contact_id, account_id, date_modified, deleted) VALUES('20c41e47-56a5-700e-b192-546f0ba769bf', '1babecc7-88d6-fe65-072b-546f0b7648bf', '51c3144a-7fc4-ecc7-2f84-546f0b3b6ed8', '2014-11-21 09:53:39', 0);
INSERT INTO accounts_contacts (id, contact_id, account_id, date_modified, deleted) VALUES('21973490-e404-44e4-1f3b-546f0b1bb79a', '1b5ea796-5428-c2b7-29e2-546f0ba77273', '5e935cfe-638a-71c6-9878-546f0bcea163', '2014-11-21 09:53:39', 0);
INSERT INTO accounts_contacts (id, contact_id, account_id, date_modified, deleted) VALUES('21bf9e33-032a-fa1a-861c-546f0b5e1979', '1e18fc33-fd7b-d91b-9103-546f0baca869', 'b73dce6b-dfb4-49d4-1fb1-546f0b0c43fa', '2014-11-21 09:53:39', 0);
INSERT INTO accounts_contacts (id, contact_id, account_id, date_modified, deleted) VALUES('22d0865d-f6c3-adb4-0fa7-546f0b80d3a3', '1cc5b0a1-68f0-81c7-e0c8-546f0b30e2da', '6c46d55a-b6ac-422c-5b12-546f0be130d0', '2014-11-21 09:53:39', 0);
INSERT INTO accounts_contacts (id, contact_id, account_id, date_modified, deleted) VALUES('2412c33b-df60-f48f-4d2b-546f0bd99f74', '1fa5e1b5-c1a7-e9ef-53c7-546f0bf91767', 'ab11bfff-6b76-a059-9b90-546f0bb3b187', '2014-11-21 09:53:39', 0);
INSERT INTO accounts_contacts (id, contact_id, account_id, date_modified, deleted) VALUES('2543b8ae-0c78-1465-c56a-546f0b3e56fe', '1fa0ff90-dc99-6f54-b35c-546f0b6f3b4a', 'e9b3f012-a139-b2b0-4031-546f0b2cce11', '2014-11-21 09:53:39', 0);
INSERT INTO accounts_contacts (id, contact_id, account_id, date_modified, deleted) VALUES('29cc2822-9795-3d5d-3dba-546f0bbb38ea', '1fa03488-c906-8adc-39fb-546f0bd141f7', '3122d611-860a-97ee-9206-546f0b6b2232', '2014-11-21 09:53:39', 0);
INSERT INTO accounts_contacts (id, contact_id, account_id, date_modified, deleted) VALUES('2c07381a-db72-97ee-2c9a-546f0b6ac2fb', '27076936-c709-727b-76cc-546f0b3acf39', '71089f73-127b-e8de-1a75-546f0b6ad949', '2014-11-21 09:53:39', 0);
INSERT INTO accounts_contacts (id, contact_id, account_id, date_modified, deleted) VALUES('2cd32a9a-e08e-a5c0-3b76-546f0b9d2a0a', '26d0478f-1265-f15a-8861-546f0b922ea7', '7e014aa8-0f47-df4a-26c3-546f0b22a0fb', '2014-11-21 09:53:39', 0);
INSERT INTO accounts_contacts (id, contact_id, account_id, date_modified, deleted) VALUES('2e900882-d22c-b3cb-8464-546f0b532e47', 'e8d2790e-f038-ae4b-4781-546f0bc2c389', 'f4600a07-e479-8ae0-1c75-546f0bdef358', '2014-11-21 09:53:39', 0);
INSERT INTO accounts_contacts (id, contact_id, account_id, date_modified, deleted) VALUES('2ed353d4-c6ae-6966-cbac-546f0b9c8ec3', '29167d20-12d1-b55d-b581-546f0b4612de', 'd180e82b-ce0d-5769-9eb2-546f0bac275b', '2014-11-21 09:53:39', 0);
INSERT INTO accounts_contacts (id, contact_id, account_id, date_modified, deleted) VALUES('2fba111f-92c4-4a19-6448-546f0b87fd02', '2a0d397d-df7a-80f8-2169-546f0b834bd0', '95ea3a76-c708-e6ee-1b4a-546f0b093790', '2014-11-21 09:53:39', 0);
INSERT INTO accounts_contacts (id, contact_id, account_id, date_modified, deleted) VALUES('323f4ef5-25d8-6528-e8f8-546f0baef8cf', '2d66886a-29d3-5d75-4870-546f0bc3ad30', 'e64bc206-e528-d225-ea9d-546f0bf0637c', '2014-11-21 09:53:39', 0);
INSERT INTO accounts_contacts (id, contact_id, account_id, date_modified, deleted) VALUES('344d9018-6370-a8e4-a5fc-546f0bef547d', '2beb3fd0-a5d4-28ee-cc63-546f0be81d5a', '6c46d55a-b6ac-422c-5b12-546f0be130d0', '2014-11-21 09:53:39', 0);
INSERT INTO accounts_contacts (id, contact_id, account_id, date_modified, deleted) VALUES('34f810ef-3321-4ef9-533e-546f0b7f25fe', '2bdfb0d7-4f58-7227-9cdd-546f0b682769', '48fb43d5-0464-700d-f982-546f0b1beb47', '2014-11-21 09:53:39', 0);
INSERT INTO accounts_contacts (id, contact_id, account_id, date_modified, deleted) VALUES('350209f3-3bfa-e702-1d73-546f0bcc0116', 'f300402e-e19e-c66b-bd99-546f0b960089', '95ea3a76-c708-e6ee-1b4a-546f0b093790', '2014-11-21 09:53:39', 0);
INSERT INTO accounts_contacts (id, contact_id, account_id, date_modified, deleted) VALUES('353aff01-836e-e3f1-5d3f-546f0b6f05fc', '2d270a22-a00e-4948-6358-546f0be8ec45', '3b03d897-4a78-7fc2-4658-546f0b696428', '2014-11-21 09:53:39', 0);
INSERT INTO accounts_contacts (id, contact_id, account_id, date_modified, deleted) VALUES('362f3ad8-229c-c5a9-051f-546f0b26b8f6', '31a4da24-4a9f-3a9e-20f7-546f0bd169b4', '5e935cfe-638a-71c6-9878-546f0bcea163', '2014-11-21 09:53:39', 0);
INSERT INTO accounts_contacts (id, contact_id, account_id, date_modified, deleted) VALUES('37316ed5-486e-4cb3-dc7c-546f0b46c29f', '340284e0-087e-8160-5f78-546f0b600ae3', '147eb488-931d-24c6-7768-546f0bd1c33b', '2014-11-21 09:53:39', 0);
INSERT INTO accounts_contacts (id, contact_id, account_id, date_modified, deleted) VALUES('384cb4f7-1ca8-f32e-b3da-546f0be46dd7', '34cee52a-08d7-e2c4-f4aa-546f0b8bfd63', '71089f73-127b-e8de-1a75-546f0b6ad949', '2014-11-21 09:53:39', 0);
INSERT INTO accounts_contacts (id, contact_id, account_id, date_modified, deleted) VALUES('3881b42d-9530-b8e7-c2df-546f0b39f493', '333ecd41-d8cc-3417-b70b-546f0bd33af8', '1c084a61-eeb7-6867-baac-546f0b50f976', '2014-11-21 09:53:39', 0);
INSERT INTO accounts_contacts (id, contact_id, account_id, date_modified, deleted) VALUES('3a714134-32b9-98e3-ef36-546f0bd6d7c6', '3609ceb1-6525-f662-cb9f-546f0bf45428', '263c1428-4e3e-c237-9b97-546f0b6fd5e9', '2014-11-21 09:53:39', 0);
INSERT INTO accounts_contacts (id, contact_id, account_id, date_modified, deleted) VALUES('3b0af4d9-3b4d-282c-4ee8-546f0ba864a8', '35a9812a-a791-90fa-8678-546f0bd43906', '57e3225e-be98-3f6e-a43e-546f0bb37a6d', '2014-11-21 09:53:39', 0);
INSERT INTO accounts_contacts (id, contact_id, account_id, date_modified, deleted) VALUES('3b375c64-3a49-9ea4-bf16-546f0bc6f94f', '375d0372-dce3-ea22-29f6-546f0b592745', '55547778-b8a4-75d0-f911-546f0be05880', '2014-11-21 09:53:39', 0);
INSERT INTO accounts_contacts (id, contact_id, account_id, date_modified, deleted) VALUES('3c1fe12b-3c1d-0f70-eff1-546f0b625451', '37561849-9e2d-13c9-3374-546f0b44aafd', '136de8ad-a5f1-27f6-166e-546f0b2e4dc2', '2014-11-21 09:53:39', 0);
INSERT INTO accounts_contacts (id, contact_id, account_id, date_modified, deleted) VALUES('3e4e1657-ff7b-fe03-9ca6-546f0b464b94', '3a237759-8110-b4bf-cdd2-546f0b68be68', '828cd8e1-7450-a3ec-8965-546f0b358378', '2014-11-21 09:53:39', 0);
INSERT INTO accounts_contacts (id, contact_id, account_id, date_modified, deleted) VALUES('3eb0e570-58ae-7017-abb7-546f0b7b5db4', '389f9d29-b3d7-e63b-50b2-546f0bff44d9', 'c77ec30a-a7e0-3176-d10f-546f0b0a51ce', '2014-11-21 09:53:39', 0);
INSERT INTO accounts_contacts (id, contact_id, account_id, date_modified, deleted) VALUES('438691bc-2f0b-01c7-d91e-546f0bd2fe2e', '3af68a20-e0c2-5d51-7f0a-546f0bc6ed81', 'c69802e8-567a-751b-94c7-546f0b96b6dd', '2014-11-21 09:53:39', 0);
INSERT INTO accounts_contacts (id, contact_id, account_id, date_modified, deleted) VALUES('44b10f9e-d06f-90de-9095-546f0b014a05', '4081dad0-85e9-6b95-d35d-546f0bd48ab8', 'c66f437c-9399-9569-bd9f-546f0b446932', '2014-11-21 09:53:39', 0);
INSERT INTO accounts_contacts (id, contact_id, account_id, date_modified, deleted) VALUES('458777bb-42b2-9b94-d19c-546f0bf3ca29', '3b79b78c-ade4-eaf4-aa50-546f0becc749', '951a8a4b-7a6d-5db9-2cd7-546f0b642612', '2014-11-21 09:53:39', 0);
INSERT INTO accounts_contacts (id, contact_id, account_id, date_modified, deleted) VALUES('477d1e83-3bf0-1b2d-c90f-546f0b140f9f', '44406d7b-0dd5-80c1-9eac-546f0b177358', '34604ac4-be7f-ff68-1116-546f0b892654', '2014-11-21 09:53:39', 0);
INSERT INTO accounts_contacts (id, contact_id, account_id, date_modified, deleted) VALUES('47a6d6b7-77f5-6f48-66c1-546f0b76b830', '4385c3de-ab4f-7da2-bba8-546f0b6ddc94', 'f4600a07-e479-8ae0-1c75-546f0bdef358', '2014-11-21 09:53:39', 0);
INSERT INTO accounts_contacts (id, contact_id, account_id, date_modified, deleted) VALUES('49914935-5e10-3b63-9374-546f0b831219', '448b1e5b-1a1d-6e60-3ed2-546f0bb80331', '51c3144a-7fc4-ecc7-2f84-546f0b3b6ed8', '2014-11-21 09:53:39', 0);
INSERT INTO accounts_contacts (id, contact_id, account_id, date_modified, deleted) VALUES('49a1a053-b391-3143-63ab-546f0b101cb9', '462ea54c-17f9-f9e3-2b42-546f0ba20699', '83f3049a-8c07-74c6-aac9-546f0b1ca6ac', '2014-11-21 09:53:39', 0);
INSERT INTO accounts_contacts (id, contact_id, account_id, date_modified, deleted) VALUES('4b4e3bfd-1d47-4c36-3de9-546f0b4c3ec0', '449c6477-daba-9ce7-8384-546f0b1d9222', '3122d611-860a-97ee-9206-546f0b6b2232', '2014-11-21 09:53:39', 0);
INSERT INTO accounts_contacts (id, contact_id, account_id, date_modified, deleted) VALUES('4bdc12c9-7bf0-7f08-c7d9-546f0bbd0273', '49396bec-2b6b-56e9-fbcd-546f0b2eff28', '55547778-b8a4-75d0-f911-546f0be05880', '2014-11-21 09:53:39', 0);
INSERT INTO accounts_contacts (id, contact_id, account_id, date_modified, deleted) VALUES('4e954d11-1b22-6c36-3483-546f0b299a3a', '47a0e32c-d1de-dc5f-68db-546f0b234f67', 'd180e82b-ce0d-5769-9eb2-546f0bac275b', '2014-11-21 09:53:39', 0);
INSERT INTO accounts_contacts (id, contact_id, account_id, date_modified, deleted) VALUES('4ed102bd-ee75-0960-b05b-546f0b1fde03', '46fbde79-2db8-e1ea-ecdb-546f0be5e73f', '95ea3a76-c708-e6ee-1b4a-546f0b093790', '2014-11-21 09:53:39', 0);
INSERT INTO accounts_contacts (id, contact_id, account_id, date_modified, deleted) VALUES('4f61fe9e-c8b7-c2cd-02e4-546f0ba1e1f4', '4bce9536-850e-6691-08c1-546f0b65f504', '6c46d55a-b6ac-422c-5b12-546f0be130d0', '2014-11-21 09:53:39', 0);
INSERT INTO accounts_contacts (id, contact_id, account_id, date_modified, deleted) VALUES('5052887d-7a8f-4f13-01d4-546f0b374a0f', '4b1ef731-119d-0000-7d3c-546f0bcfd12c', '9ec68dde-b6e2-fc18-f7ef-546f0bf02fde', '2014-11-21 09:53:39', 0);
INSERT INTO accounts_contacts (id, contact_id, account_id, date_modified, deleted) VALUES('51999329-6314-ebb4-2a32-546f0b8a5302', '43873202-4bf8-ecc6-cfb8-546f0ba8e19b', '9ec68dde-b6e2-fc18-f7ef-546f0bf02fde', '2014-11-21 09:53:39', 0);
INSERT INTO accounts_contacts (id, contact_id, account_id, date_modified, deleted) VALUES('52c3d89c-fa56-39c1-2dc6-546f0b5e1379', '4d543f5c-72e8-7ed9-e143-546f0b7f5e64', '1c084a61-eeb7-6867-baac-546f0b50f976', '2014-11-21 09:53:39', 0);
INSERT INTO accounts_contacts (id, contact_id, account_id, date_modified, deleted) VALUES('53473576-4368-7723-03bc-546f0b638b05', '4c7e1df0-a959-bddc-8bc1-546f0b13d701', '83f3049a-8c07-74c6-aac9-546f0b1ca6ac', '2014-11-21 09:53:39', 0);
INSERT INTO accounts_contacts (id, contact_id, account_id, date_modified, deleted) VALUES('54b17163-fb77-f04e-c3bc-546f0ba254c5', '50e09289-b8a8-06cd-f658-546f0b7d548f', '71bfefcd-1884-2a71-0b37-546f0bf188f6', '2014-11-21 09:53:39', 0);
INSERT INTO accounts_contacts (id, contact_id, account_id, date_modified, deleted) VALUES('54c931ac-6fd4-71d2-1386-546f0bac0a42', '4df5faa0-5f94-1e38-ed0d-546f0b3a8d61', '13c758ce-553b-587b-0844-546f0ba58f27', '2014-11-21 09:53:39', 0);
INSERT INTO accounts_contacts (id, contact_id, account_id, date_modified, deleted) VALUES('567064bd-0fc1-7bff-ab6e-546f0b3f224d', '5357bfbe-5f3d-f8ce-2b43-546f0b6df912', '34cf0c6a-655c-395e-6960-546f0b3a3228', '2014-11-21 09:53:39', 0);
INSERT INTO accounts_contacts (id, contact_id, account_id, date_modified, deleted) VALUES('56ba0941-6a67-1f67-aa3f-546f0bb34735', 'e715a772-a557-23eb-b29c-546f0b1fc9aa', '6c46d55a-b6ac-422c-5b12-546f0be130d0', '2014-11-21 09:53:39', 0);
INSERT INTO accounts_contacts (id, contact_id, account_id, date_modified, deleted) VALUES('5706c5bc-310d-58ae-f165-546f0bfe1b0e', '5203ac3d-6456-5068-2aaf-546f0b3719bb', '13c758ce-553b-587b-0844-546f0ba58f27', '2014-11-21 09:53:39', 0);
INSERT INTO accounts_contacts (id, contact_id, account_id, date_modified, deleted) VALUES('5ab7a2a9-2d24-f136-5d48-546f0b381816', '56985db2-71e8-c8d0-48d5-546f0b720537', '263c1428-4e3e-c237-9b97-546f0b6fd5e9', '2014-11-21 09:53:39', 0);
INSERT INTO accounts_contacts (id, contact_id, account_id, date_modified, deleted) VALUES('5aff5bdd-ac73-7f0a-23b1-546f0b321f09', '55d09d2d-096c-e433-b263-546f0bf70b1b', '33938732-8554-3bcb-0df8-546f0ba4376a', '2014-11-21 09:53:39', 0);
INSERT INTO accounts_contacts (id, contact_id, account_id, date_modified, deleted) VALUES('5bdc506c-f4b2-d7e0-4550-546f0b65e71e', '56cc23dd-eaf0-4ff3-e71e-546f0b183f5f', '3e69728b-7ab8-f28f-098e-546f0b42e0d6', '2014-11-21 09:53:39', 0);
INSERT INTO accounts_contacts (id, contact_id, account_id, date_modified, deleted) VALUES('5e688f38-1209-6a35-e50d-546f0b6a5b7c', '58b65a85-f752-b0d4-b215-546f0b6259ea', '5f669f5b-4d3b-01e3-f600-546f0bae7e34', '2014-11-21 09:53:39', 0);
INSERT INTO accounts_contacts (id, contact_id, account_id, date_modified, deleted) VALUES('5f38f526-b623-86ea-a91c-546f0b2eb3de', '5b7d44bd-fc5c-9d6a-50fd-546f0bcb9e11', '147eb488-931d-24c6-7768-546f0bd1c33b', '2014-11-21 09:53:39', 0);
INSERT INTO accounts_contacts (id, contact_id, account_id, date_modified, deleted) VALUES('5f690613-f048-c194-276c-546f0b3cd3ed', 'e2b59701-55e3-bf31-c342-546f0bc65291', 'f1290450-bd32-e605-e93a-546f0bcc2091', '2014-11-21 09:53:39', 0);
INSERT INTO accounts_contacts (id, contact_id, account_id, date_modified, deleted) VALUES('5f9d24fb-5815-4ad2-6c37-546f0b0ff834', '5aa4d229-dea5-5e4f-d88c-546f0b122948', '951a8a4b-7a6d-5db9-2cd7-546f0b642612', '2014-11-21 09:53:39', 0);
INSERT INTO accounts_contacts (id, contact_id, account_id, date_modified, deleted) VALUES('612a162b-812b-92a0-deb0-546f0bcfc4c2', '5c3148d7-15ad-6054-19ba-546f0b233134', 'bee8e160-4e7c-c167-33b0-546f0bf759fe', '2014-11-21 09:53:39', 0);
INSERT INTO accounts_contacts (id, contact_id, account_id, date_modified, deleted) VALUES('62657593-7593-7ef3-4f60-546f0bf289fc', '5fc84325-b30b-6818-5f65-546f0b4cdb32', '51c3144a-7fc4-ecc7-2f84-546f0b3b6ed8', '2014-11-21 09:53:39', 0);
INSERT INTO accounts_contacts (id, contact_id, account_id, date_modified, deleted) VALUES('646b995a-e299-fe5d-f657-546f0b39275d', '5eb0d71d-3eaf-e5c8-4366-546f0be34910', '71bfefcd-1884-2a71-0b37-546f0bf188f6', '2014-11-21 09:53:39', 0);
INSERT INTO accounts_contacts (id, contact_id, account_id, date_modified, deleted) VALUES('657c9876-e967-0127-8212-546f0bb182ae', '60be8d2b-26d5-5f01-b22a-546f0bfa4368', '76694c07-dfff-418a-9a9e-546f0b1a9c98', '2014-11-21 09:53:39', 0);
INSERT INTO accounts_contacts (id, contact_id, account_id, date_modified, deleted) VALUES('65a044f3-23fd-9c76-1c92-546f0bcc66c1', '5ead10d0-77c5-a688-d254-546f0bcfd024', 'c66f437c-9399-9569-bd9f-546f0b446932', '2014-11-21 09:53:39', 0);
INSERT INTO accounts_contacts (id, contact_id, account_id, date_modified, deleted) VALUES('66701b48-e703-deb8-ef99-546f0b73bff8', '63694c6b-3e78-bad4-0610-546f0b1917ac', '9881d624-00d8-aca0-92e1-546f0b19a419', '2014-11-21 09:53:39', 0);
INSERT INTO accounts_contacts (id, contact_id, account_id, date_modified, deleted) VALUES('67486b41-4262-d5f3-ce2d-546f0b1870a5', '5f6fd344-6153-528e-5596-546f0bebff40', '3122d611-860a-97ee-9206-546f0b6b2232', '2014-11-21 09:53:39', 0);
INSERT INTO accounts_contacts (id, contact_id, account_id, date_modified, deleted) VALUES('67ad8899-efdb-9162-5ff7-546f0bc4fe50', '646f3fd9-c6d9-436b-5458-546f0b0ed56f', 'e64bc206-e528-d225-ea9d-546f0bf0637c', '2014-11-21 09:53:39', 0);
INSERT INTO accounts_contacts (id, contact_id, account_id, date_modified, deleted) VALUES('67f6994d-d0c3-4289-646b-546f0b716994', '631dffa8-267c-e7ee-45ae-546f0b55e15e', '3122d611-860a-97ee-9206-546f0b6b2232', '2014-11-21 09:53:39', 0);
INSERT INTO accounts_contacts (id, contact_id, account_id, date_modified, deleted) VALUES('6a1d3734-5343-358a-2efb-546f0bb75e3f', '66e8e7c7-836b-eb72-0f9b-546f0bd22c0f', '33938732-8554-3bcb-0df8-546f0ba4376a', '2014-11-21 09:53:39', 0);
INSERT INTO accounts_contacts (id, contact_id, account_id, date_modified, deleted) VALUES('6ae505bf-ad10-2906-2838-546f0b810c66', '33db0c4d-051d-6557-4e23-546f0bce6779', '71bfefcd-1884-2a71-0b37-546f0bf188f6', '2014-11-21 09:53:39', 0);
INSERT INTO accounts_contacts (id, contact_id, account_id, date_modified, deleted) VALUES('6afc0f56-1ae9-8b71-d8a3-546f0ba2f373', '662d77a5-e046-a05b-a6c7-546f0b5f8e86', '1c084a61-eeb7-6867-baac-546f0b50f976', '2014-11-21 09:53:39', 0);
INSERT INTO accounts_contacts (id, contact_id, account_id, date_modified, deleted) VALUES('6c25dbfd-7273-a290-ec19-546f0b669861', '674c2c81-f42d-431d-0805-546f0bcbb3c4', '71089f73-127b-e8de-1a75-546f0b6ad949', '2014-11-21 09:53:39', 0);
INSERT INTO accounts_contacts (id, contact_id, account_id, date_modified, deleted) VALUES('6e87a175-3a74-6286-a399-546f0b303096', '68f63f3b-63b8-113d-bb6d-546f0b0b0f33', 'b73dce6b-dfb4-49d4-1fb1-546f0b0c43fa', '2014-11-21 09:53:39', 0);
INSERT INTO accounts_contacts (id, contact_id, account_id, date_modified, deleted) VALUES('719a3337-6b0d-60c2-a2aa-546f0bb2e155', '6c3a1349-470a-1041-046b-546f0bf3ed8f', '3122d611-860a-97ee-9206-546f0b6b2232', '2014-11-21 09:53:39', 0);
INSERT INTO accounts_contacts (id, contact_id, account_id, date_modified, deleted) VALUES('72a60563-cc68-7668-0ccb-546f0b2c5be8', 'e71bcdb5-300b-9e66-3668-546f0bec46b8', '6c46d55a-b6ac-422c-5b12-546f0be130d0', '2014-11-21 09:53:39', 0);
INSERT INTO accounts_contacts (id, contact_id, account_id, date_modified, deleted) VALUES('73406fa0-0f2a-72fc-bb71-546f0b2b29d1', '6fd18a65-68a0-1b94-fd77-546f0b4575e0', '3e69728b-7ab8-f28f-098e-546f0b42e0d6', '2014-11-21 09:53:39', 0);
INSERT INTO accounts_contacts (id, contact_id, account_id, date_modified, deleted) VALUES('7548483a-f57f-c250-1fc0-546f0be5a0be', '706f9cd7-b80d-2b78-058e-546f0b910064', '71bfefcd-1884-2a71-0b37-546f0bf188f6', '2014-11-21 09:53:39', 0);
INSERT INTO accounts_contacts (id, contact_id, account_id, date_modified, deleted) VALUES('75c7d363-87c7-081a-5e53-546f0bf6e893', '710f72ba-a717-13f2-3abf-546f0b2822e3', 'a0d2c7cc-3436-c3ec-b389-546f0bed0055', '2014-11-21 09:53:39', 0);
INSERT INTO accounts_contacts (id, contact_id, account_id, date_modified, deleted) VALUES('772a0bdb-cdcf-1c12-2d23-546f0bad5100', '7254209c-d18d-9ad9-b295-546f0b55d5ac', '136de8ad-a5f1-27f6-166e-546f0b2e4dc2', '2014-11-21 09:53:39', 0);
INSERT INTO accounts_contacts (id, contact_id, account_id, date_modified, deleted) VALUES('7761a88e-959c-ba04-5403-546f0b8155a3', '7259c857-141b-90be-1291-546f0b857ac1', 'ceda2c0d-3996-e0d1-d59b-546f0b258e8d', '2014-11-21 09:53:39', 0);
INSERT INTO accounts_contacts (id, contact_id, account_id, date_modified, deleted) VALUES('776c9ac7-f781-26c6-0b2c-546f0b93f88c', '728ac421-e312-f0d8-007c-546f0b9d7f59', 'f1290450-bd32-e605-e93a-546f0bcc2091', '2014-11-21 09:53:39', 0);
INSERT INTO accounts_contacts (id, contact_id, account_id, date_modified, deleted) VALUES('781c6489-0150-2a74-408d-546f0b7f0ba3', '71f31b07-26b7-8783-4779-546f0b9190c1', '1c084a61-eeb7-6867-baac-546f0b50f976', '2014-11-21 09:53:39', 0);
INSERT INTO accounts_contacts (id, contact_id, account_id, date_modified, deleted) VALUES('784a0632-61d5-cd90-43ab-546f0bcf3601', '225d079a-af8a-0b2e-efe7-546f0bbba2e2', 'b73dce6b-dfb4-49d4-1fb1-546f0b0c43fa', '2014-11-21 09:53:39', 0);
INSERT INTO accounts_contacts (id, contact_id, account_id, date_modified, deleted) VALUES('79cfc8b5-1626-4bd4-555b-546f0b82a287', '72fdb38c-a0fc-c2be-47cb-546f0b554952', 'c77ec30a-a7e0-3176-d10f-546f0b0a51ce', '2014-11-21 09:53:39', 0);
INSERT INTO accounts_contacts (id, contact_id, account_id, date_modified, deleted) VALUES('7a1c7ef9-e83b-b635-e172-546f0bf1e6d2', '76322e54-d756-5cf1-c0cc-546f0b500272', 'd180e82b-ce0d-5769-9eb2-546f0bac275b', '2014-11-21 09:53:39', 0);
INSERT INTO accounts_contacts (id, contact_id, account_id, date_modified, deleted) VALUES('7be34142-dc51-7a98-2628-546f0be05ad6', '739eb39b-b90c-91d1-8b6f-546f0b7dcf10', 'f4600a07-e479-8ae0-1c75-546f0bdef358', '2014-11-21 09:53:39', 0);
INSERT INTO accounts_contacts (id, contact_id, account_id, date_modified, deleted) VALUES('7e281a61-6056-8b14-f0ea-546f0b453f3b', '798e0a25-8740-138a-7357-546f0bb9f13d', '55547778-b8a4-75d0-f911-546f0be05880', '2014-11-21 09:53:39', 0);
INSERT INTO accounts_contacts (id, contact_id, account_id, date_modified, deleted) VALUES('7e75620e-1c97-f002-d63c-546f0b36ebb2', '6e6cf4ab-c7dd-7757-a63f-546f0b10bcca', 'e9b3f012-a139-b2b0-4031-546f0b2cce11', '2014-11-21 09:53:39', 0);
INSERT INTO accounts_contacts (id, contact_id, account_id, date_modified, deleted) VALUES('808ec900-4186-4730-6761-546f0bfa95f4', '7ab8ca33-b9f5-52cd-b7c0-546f0b6a4e8f', '51c3144a-7fc4-ecc7-2f84-546f0b3b6ed8', '2014-11-21 09:53:39', 0);
INSERT INTO accounts_contacts (id, contact_id, account_id, date_modified, deleted) VALUES('8144a768-de9c-2ae6-1c31-546f0b4d9137', '7c735bc1-1ce2-0e4c-0193-546f0bde586f', 'f1290450-bd32-e605-e93a-546f0bcc2091', '2014-11-21 09:53:39', 0);
INSERT INTO accounts_contacts (id, contact_id, account_id, date_modified, deleted) VALUES('8173cb27-0e87-8f74-3851-546f0ba8d792', '7da23f9f-f862-084a-b8bd-546f0b4f99ef', 'bee8e160-4e7c-c167-33b0-546f0bf759fe', '2014-11-21 09:53:39', 0);
INSERT INTO accounts_contacts (id, contact_id, account_id, date_modified, deleted) VALUES('858c070a-af57-9954-7c4a-546f0bf47176', '8087325d-b13f-5fe4-d524-546f0b984a3b', '83f3049a-8c07-74c6-aac9-546f0b1ca6ac', '2014-11-21 09:53:39', 0);
INSERT INTO accounts_contacts (id, contact_id, account_id, date_modified, deleted) VALUES('865d18db-fb19-7c4c-b047-546f0b71b6c1', '81c5dac7-6158-ce9b-277e-546f0bed10df', '951a8a4b-7a6d-5db9-2cd7-546f0b642612', '2014-11-21 09:53:39', 0);
INSERT INTO accounts_contacts (id, contact_id, account_id, date_modified, deleted) VALUES('87670966-4dac-2bb7-9a19-546f0bbaf00f', '815b5e13-d4b5-485e-cfe1-546f0bd35d45', 'd180e82b-ce0d-5769-9eb2-546f0bac275b', '2014-11-21 09:53:39', 0);
INSERT INTO accounts_contacts (id, contact_id, account_id, date_modified, deleted) VALUES('8800b3ba-7939-b01a-8616-546f0b719ef1', '82a53121-fbbe-9ff2-563b-546f0b9323db', 'dd55cac1-2a6b-e674-b751-546f0bc57439', '2014-11-21 09:53:39', 0);
INSERT INTO accounts_contacts (id, contact_id, account_id, date_modified, deleted) VALUES('8857c08c-3cbd-6c24-9321-546f0b4d5d97', '848e1da4-66bb-ca8b-8fff-546f0b5a3d4c', 'f1290450-bd32-e605-e93a-546f0bcc2091', '2014-11-21 09:53:39', 0);
INSERT INTO accounts_contacts (id, contact_id, account_id, date_modified, deleted) VALUES('8931358a-a64e-53f5-df04-546f0b28f5c0', '829bd7bd-3654-7cc5-db57-546f0b3acdbd', 'ceda2c0d-3996-e0d1-d59b-546f0b258e8d', '2014-11-21 09:53:39', 0);
INSERT INTO accounts_contacts (id, contact_id, account_id, date_modified, deleted) VALUES('8954b3e6-3536-f901-3a05-546f0b7f1633', '84aa1010-a88c-2f81-be41-546f0ba47da6', '34604ac4-be7f-ff68-1116-546f0b892654', '2014-11-21 09:53:39', 0);
INSERT INTO accounts_contacts (id, contact_id, account_id, date_modified, deleted) VALUES('8aac80df-331a-8643-a3c3-546f0b793cfb', '858084d3-8c2e-78a8-c1e7-546f0b1ed052', '48fb43d5-0464-700d-f982-546f0b1beb47', '2014-11-21 09:53:39', 0);
INSERT INTO accounts_contacts (id, contact_id, account_id, date_modified, deleted) VALUES('8c593089-1bde-9444-9f8c-546f0ba0b9e5', '868eeacf-9a9f-d025-c728-546f0bdc33b2', '9881d624-00d8-aca0-92e1-546f0b19a419', '2014-11-21 09:53:39', 0);
INSERT INTO accounts_contacts (id, contact_id, account_id, date_modified, deleted) VALUES('8df13275-6a5d-3911-cb83-546f0bff6bc3', '89718c9a-1252-23ad-079f-546f0bbdd5de', 'c66f437c-9399-9569-bd9f-546f0b446932', '2014-11-21 09:53:39', 0);
INSERT INTO accounts_contacts (id, contact_id, account_id, date_modified, deleted) VALUES('920555b2-9eee-67c4-db1e-546f0bb6e065', '8bf21028-1c1d-4a57-21ca-546f0b4387c9', '3e69728b-7ab8-f28f-098e-546f0b42e0d6', '2014-11-21 09:53:39', 0);
INSERT INTO accounts_contacts (id, contact_id, account_id, date_modified, deleted) VALUES('93fa84a7-04e1-fb32-7cba-546f0bc068ac', '909a3472-9777-a8c2-0aa8-546f0bd6e68e', '3122d611-860a-97ee-9206-546f0b6b2232', '2014-11-21 09:53:39', 0);
INSERT INTO accounts_contacts (id, contact_id, account_id, date_modified, deleted) VALUES('958b1990-6cfc-0230-764d-546f0befec39', '90e50deb-9432-1995-3013-546f0b83c045', 'f4600a07-e479-8ae0-1c75-546f0bdef358', '2014-11-21 09:53:39', 0);
INSERT INTO accounts_contacts (id, contact_id, account_id, date_modified, deleted) VALUES('95a1b47f-f646-be37-3649-546f0b7bc2d0', '919ac2fb-21b1-f1ba-6509-546f0b42915f', '57e3225e-be98-3f6e-a43e-546f0bb37a6d', '2014-11-21 09:53:39', 0);
INSERT INTO accounts_contacts (id, contact_id, account_id, date_modified, deleted) VALUES('960a1fcd-04c5-9ab0-e2b0-546f0bbfefce', '9141bfc4-f7b7-2134-433f-546f0bbd2865', '34604ac4-be7f-ff68-1116-546f0b892654', '2014-11-21 09:53:39', 0);
INSERT INTO accounts_contacts (id, contact_id, account_id, date_modified, deleted) VALUES('96df0b2b-6fb5-4375-c35d-546f0ba09136', '90cea44a-fca4-bc49-3ba8-546f0bc10eb6', '951a8a4b-7a6d-5db9-2cd7-546f0b642612', '2014-11-21 09:53:39', 0);
INSERT INTO accounts_contacts (id, contact_id, account_id, date_modified, deleted) VALUES('96fe5816-ec8e-ef02-08ea-546f0b6f0ee6', '8f357dc2-595f-1bce-b753-546f0beed625', '95ea3a76-c708-e6ee-1b4a-546f0b093790', '2014-11-21 09:53:39', 0);
INSERT INTO accounts_contacts (id, contact_id, account_id, date_modified, deleted) VALUES('9955adf5-1131-92d4-8504-546f0b687310', '93aaf60d-9eaa-ed1d-c678-546f0bb510f9', '886cdaf1-a477-3fd4-8a6a-546f0b2acd6c', '2014-11-21 09:53:39', 0);
INSERT INTO accounts_contacts (id, contact_id, account_id, date_modified, deleted) VALUES('99cc3cc6-f3a7-98f9-7ee1-546f0bf35f03', '94c601bb-997f-3e3d-ed68-546f0bd6dcc5', '49bb4874-4e61-e713-69d9-546f0b9d238e', '2014-11-21 09:53:39', 0);
INSERT INTO accounts_contacts (id, contact_id, account_id, date_modified, deleted) VALUES('9a7a58b2-da56-0d33-0897-546f0b891d98', '95abb9b6-d9d5-a9b3-36a9-546f0ba06ffe', 'e64bc206-e528-d225-ea9d-546f0bf0637c', '2014-11-21 09:53:39', 0);
INSERT INTO accounts_contacts (id, contact_id, account_id, date_modified, deleted) VALUES('9aaac3b0-3f99-170c-8ebc-546f0b6fe325', '954d182d-54a3-2a08-b33b-546f0b9fecd7', 'ceda2c0d-3996-e0d1-d59b-546f0b258e8d', '2014-11-21 09:53:39', 0);
INSERT INTO accounts_contacts (id, contact_id, account_id, date_modified, deleted) VALUES('9ac00c30-bbdb-5006-81c8-546f0b8359ec', '567b04ae-e14a-d7f7-8f77-546f0b983cdb', '34604ac4-be7f-ff68-1116-546f0b892654', '2014-11-21 09:53:39', 0);
INSERT INTO accounts_contacts (id, contact_id, account_id, date_modified, deleted) VALUES('9c114914-81b3-4c45-3592-546f0bd8e673', '98155cc1-c75c-074f-7ad5-546f0b65f4b8', 'a0d2c7cc-3436-c3ec-b389-546f0bed0055', '2014-11-21 09:53:39', 0);
INSERT INTO accounts_contacts (id, contact_id, account_id, date_modified, deleted) VALUES('9cbcf2ad-a237-1078-3a9e-546f0b4ce330', '93a52357-88de-ad2c-c4ed-546f0be26840', 'c66f437c-9399-9569-bd9f-546f0b446932', '2014-11-21 09:53:39', 0);
INSERT INTO accounts_contacts (id, contact_id, account_id, date_modified, deleted) VALUES('9d0e4209-994e-7872-2da4-546f0b50fe54', '91508933-a5bf-7519-27a0-546f0b881b8a', 'f1290450-bd32-e605-e93a-546f0bcc2091', '2014-11-21 09:53:39', 0);
INSERT INTO accounts_contacts (id, contact_id, account_id, date_modified, deleted) VALUES('9db000a0-8493-071f-10b0-546f0b2daf05', '4bca01d2-3075-3374-ddfe-546f0b2d364b', '6c46d55a-b6ac-422c-5b12-546f0be130d0', '2014-11-21 09:53:39', 0);
INSERT INTO accounts_contacts (id, contact_id, account_id, date_modified, deleted) VALUES('9e94d82f-3a1d-096c-a18a-546f0ba0a3fb', '9907528c-d0f4-85b6-8b3b-546f0bef6bcc', '263c1428-4e3e-c237-9b97-546f0b6fd5e9', '2014-11-21 09:53:39', 0);
INSERT INTO accounts_contacts (id, contact_id, account_id, date_modified, deleted) VALUES('a4d900ff-25bd-e5b6-d0cc-546f0bd329e5', 'a0f43882-12b0-9db5-3a8c-546f0b185d77', '49bb4874-4e61-e713-69d9-546f0b9d238e', '2014-11-21 09:53:39', 0);
INSERT INTO accounts_contacts (id, contact_id, account_id, date_modified, deleted) VALUES('a528e264-0120-0cbd-d166-546f0b936ec9', '9fc85a01-7d4c-3e81-3224-546f0b4690aa', '95ea3a76-c708-e6ee-1b4a-546f0b093790', '2014-11-21 09:53:39', 0);
INSERT INTO accounts_contacts (id, contact_id, account_id, date_modified, deleted) VALUES('a61e3290-2fd7-7645-e6d4-546f0bb1976a', 'a03fbbc9-c599-fccb-ba66-546f0b8fa29e', 'b76f29f2-98ba-c810-1b07-546f0bfd784b', '2014-11-21 09:53:39', 0);
INSERT INTO accounts_contacts (id, contact_id, account_id, date_modified, deleted) VALUES('a6a63dc7-c1ae-9676-bf25-546f0bcad597', 'a14bd75e-9827-92f1-972e-546f0be283bc', 'a0d2c7cc-3436-c3ec-b389-546f0bed0055', '2014-11-21 09:53:39', 0);
INSERT INTO accounts_contacts (id, contact_id, account_id, date_modified, deleted) VALUES('a751414a-e845-84e6-f7b1-546f0bdf0e1e', 'a1d35a1f-78dc-3a6c-fc5e-546f0b12871f', '136de8ad-a5f1-27f6-166e-546f0b2e4dc2', '2014-11-21 09:53:39', 0);
INSERT INTO accounts_contacts (id, contact_id, account_id, date_modified, deleted) VALUES('a8db34da-0a3a-e2de-21d2-546f0b65bd94', 'a3f0a3ea-d465-9689-0357-546f0b5870ab', 'c69802e8-567a-751b-94c7-546f0b96b6dd', '2014-11-21 09:53:39', 0);
INSERT INTO accounts_contacts (id, contact_id, account_id, date_modified, deleted) VALUES('a8e8e4e5-0729-aa1a-87ef-546f0b08e7e5', 'a314aa1a-ce8e-ea5c-1906-546f0b203f94', '3b03d897-4a78-7fc2-4658-546f0b696428', '2014-11-21 09:53:39', 0);
INSERT INTO accounts_contacts (id, contact_id, account_id, date_modified, deleted) VALUES('a9298e88-2f41-e8e0-978c-546f0bf3f2b7', 'a3e59d17-3c1a-6128-9156-546f0be83119', 'e9b3f012-a139-b2b0-4031-546f0b2cce11', '2014-11-21 09:53:39', 0);
INSERT INTO accounts_contacts (id, contact_id, account_id, date_modified, deleted) VALUES('a92fceaa-b553-2f57-7a58-546f0bdd7d4a', 'a3f8e623-eae5-e34e-cc87-546f0b4226ee', 'b76f29f2-98ba-c810-1b07-546f0bfd784b', '2014-11-21 09:53:39', 0);
INSERT INTO accounts_contacts (id, contact_id, account_id, date_modified, deleted) VALUES('ab6a68b4-20ac-d6ba-5b65-546f0b85e2ad', 'a551cf49-5ad8-d73e-08df-546f0b718d64', '9881d624-00d8-aca0-92e1-546f0b19a419', '2014-11-21 09:53:39', 0);
INSERT INTO accounts_contacts (id, contact_id, account_id, date_modified, deleted) VALUES('abf9cc15-7d00-8141-9f19-546f0bf8a3a5', 'a702110e-d9e2-e585-3ae4-546f0b2bdbbf', '3e69728b-7ab8-f28f-098e-546f0b42e0d6', '2014-11-21 09:53:39', 0);
INSERT INTO accounts_contacts (id, contact_id, account_id, date_modified, deleted) VALUES('ad0399fb-d7a0-e3d3-62ce-546f0b78fd18', 'a782e02e-dc56-c944-0706-546f0bffa13d', 'f4600a07-e479-8ae0-1c75-546f0bdef358', '2014-11-21 09:53:39', 0);
INSERT INTO accounts_contacts (id, contact_id, account_id, date_modified, deleted) VALUES('ad085cf0-d733-b616-e2b4-546f0bf9fd71', 'a7335714-7530-fb1a-5529-546f0bb8feab', 'c69802e8-567a-751b-94c7-546f0b96b6dd', '2014-11-21 09:53:39', 0);
INSERT INTO accounts_contacts (id, contact_id, account_id, date_modified, deleted) VALUES('ad6dff36-990b-e39e-586f-546f0b6e980c', 'a72d20a2-a4f6-fbeb-c11e-546f0b547dc6', '3122d611-860a-97ee-9206-546f0b6b2232', '2014-11-21 09:53:39', 0);
INSERT INTO accounts_contacts (id, contact_id, account_id, date_modified, deleted) VALUES('b10c94e6-4ef4-c45a-8e4c-546f0bc1b338', 'ac0db7fa-c4fb-7d41-6cbf-546f0b1482ab', '828cd8e1-7450-a3ec-8965-546f0b358378', '2014-11-21 09:53:39', 0);
INSERT INTO accounts_contacts (id, contact_id, account_id, date_modified, deleted) VALUES('b284aba7-8b29-fb12-3e45-546f0b362876', 'add007c8-3563-6370-0073-546f0b371eb1', '1c084a61-eeb7-6867-baac-546f0b50f976', '2014-11-21 09:53:39', 0);
INSERT INTO accounts_contacts (id, contact_id, account_id, date_modified, deleted) VALUES('b30b22ab-236b-75a5-a803-546f0b6e362e', 'af7efacd-1add-248b-0988-546f0bdab9da', '951a8a4b-7a6d-5db9-2cd7-546f0b642612', '2014-11-21 09:53:39', 0);
INSERT INTO accounts_contacts (id, contact_id, account_id, date_modified, deleted) VALUES('b56c0aa4-4414-c314-5195-546f0b23bd5f', 'b01d409a-5c39-3d7e-6a12-546f0bcad116', '71bfefcd-1884-2a71-0b37-546f0bf188f6', '2014-11-21 09:53:39', 0);
INSERT INTO accounts_contacts (id, contact_id, account_id, date_modified, deleted) VALUES('b6520de6-39d0-526a-bef6-546f0b185e57', '68c50780-c40e-a277-56ea-546f0bcf9099', 'b76f29f2-98ba-c810-1b07-546f0bfd784b', '2014-11-21 09:53:39', 0);
INSERT INTO accounts_contacts (id, contact_id, account_id, date_modified, deleted) VALUES('b6bbf768-c513-4bc8-23ef-546f0bc61680', 'b21d9e72-9fa0-cb85-df9b-546f0bd4ef33', '3b03d897-4a78-7fc2-4658-546f0b696428', '2014-11-21 09:53:39', 0);
INSERT INTO accounts_contacts (id, contact_id, account_id, date_modified, deleted) VALUES('b748be46-b7c3-0d89-028a-546f0b7fc2e8', 'b376671e-d789-c684-380b-546f0b604a04', '34cf0c6a-655c-395e-6960-546f0b3a3228', '2014-11-21 09:53:39', 0);
INSERT INTO accounts_contacts (id, contact_id, account_id, date_modified, deleted) VALUES('b86c2930-bdcc-df08-cbbe-546f0b8a928f', 'b4547339-2268-1a53-c622-546f0b10267b', '3b03d897-4a78-7fc2-4658-546f0b696428', '2014-11-21 09:53:39', 0);
INSERT INTO accounts_contacts (id, contact_id, account_id, date_modified, deleted) VALUES('ba4e05f7-38dd-a4e1-6f3f-546f0ba5b418', '7bab0d8b-9f98-37f9-2edf-546f0b57e65b', 'dd55cac1-2a6b-e674-b751-546f0bc57439', '2014-11-21 09:53:39', 0);
INSERT INTO accounts_contacts (id, contact_id, account_id, date_modified, deleted) VALUES('bb426153-55f7-2c17-dca4-546f0ba6583f', 'b6651028-1e5b-7ec6-6056-546f0b4682c3', '3122d611-860a-97ee-9206-546f0b6b2232', '2014-11-21 09:53:39', 0);
INSERT INTO accounts_contacts (id, contact_id, account_id, date_modified, deleted) VALUES('bb440379-2f2c-093c-1b37-546f0bce6b16', 'b5476113-3dd3-3cc4-2004-546f0b479de4', 'e64bc206-e528-d225-ea9d-546f0bf0637c', '2014-11-21 09:53:39', 0);
INSERT INTO accounts_contacts (id, contact_id, account_id, date_modified, deleted) VALUES('bb9b43b1-bdfa-93ee-dbc8-546f0bc258c9', 'b5d2ec6a-2a34-536e-720d-546f0be3db74', '34604ac4-be7f-ff68-1116-546f0b892654', '2014-11-21 09:53:39', 0);
INSERT INTO accounts_contacts (id, contact_id, account_id, date_modified, deleted) VALUES('bc673788-f445-9ca0-3799-546f0bd29c40', 'b8650096-12a6-3697-5526-546f0bc9de76', '136de8ad-a5f1-27f6-166e-546f0b2e4dc2', '2014-11-21 09:53:39', 0);
INSERT INTO accounts_contacts (id, contact_id, account_id, date_modified, deleted) VALUES('bd04470d-5c51-7560-4801-546f0b549b32', 'b838794c-f5dd-d93d-c596-546f0be3a35e', '17710851-01be-2d35-94a6-546f0b117f51', '2014-11-21 09:53:39', 0);
INSERT INTO accounts_contacts (id, contact_id, account_id, date_modified, deleted) VALUES('bd3d7b59-e926-6e8f-1dda-546f0b8e93e6', 'b95d4bbf-cc48-ef84-d80f-546f0b3387c7', 'bee8e160-4e7c-c167-33b0-546f0bf759fe', '2014-11-21 09:53:39', 0);
INSERT INTO accounts_contacts (id, contact_id, account_id, date_modified, deleted) VALUES('bd8534e2-011b-8d2d-c234-546f0b3ce73e', 'b8343687-c5bc-f36c-9602-546f0b5b1f8f', '71bfefcd-1884-2a71-0b37-546f0bf188f6', '2014-11-21 09:53:39', 0);
INSERT INTO accounts_contacts (id, contact_id, account_id, date_modified, deleted) VALUES('c03784b3-6e8b-3386-2b22-546f0bebf6e7', 'bcc98c5c-0951-3e30-48bb-546f0b9ddbbc', '5f669f5b-4d3b-01e3-f600-546f0bae7e34', '2014-11-21 09:53:39', 0);
INSERT INTO accounts_contacts (id, contact_id, account_id, date_modified, deleted) VALUES('c1520d5b-e9bf-30a0-5903-546f0b9a4093', 'bb1aaccd-7e56-8ce6-2294-546f0bb37005', '7e014aa8-0f47-df4a-26c3-546f0b22a0fb', '2014-11-21 09:53:39', 0);
INSERT INTO accounts_contacts (id, contact_id, account_id, date_modified, deleted) VALUES('c2b1d83f-24e5-93f4-6137-546f0b26d4b4', 'bcbb5f5f-aa05-038c-e725-546f0bb93ded', '886cdaf1-a477-3fd4-8a6a-546f0b2acd6c', '2014-11-21 09:53:39', 0);
INSERT INTO accounts_contacts (id, contact_id, account_id, date_modified, deleted) VALUES('c2c71edc-2467-f770-4d5f-546f0ba02627', 'bc19e2cf-7653-c9ce-53eb-546f0b33c803', '5e935cfe-638a-71c6-9878-546f0bcea163', '2014-11-21 09:53:39', 0);
INSERT INTO accounts_contacts (id, contact_id, account_id, date_modified, deleted) VALUES('c36189fd-3c67-cab0-e3c1-546f0b409bad', 'bff67709-fcc2-5d80-de62-546f0bc5cbc3', '3122d611-860a-97ee-9206-546f0b6b2232', '2014-11-21 09:53:39', 0);
INSERT INTO accounts_contacts (id, contact_id, account_id, date_modified, deleted) VALUES('c497e621-d5a8-52ad-12a5-546f0b9825c2', 'c0c0e8fb-a817-b1e2-2eb4-546f0bf4db1f', '5e935cfe-638a-71c6-9878-546f0bcea163', '2014-11-21 09:53:39', 0);
INSERT INTO accounts_contacts (id, contact_id, account_id, date_modified, deleted) VALUES('c985d571-fa11-fd55-46b7-546f0b5646fc', 'c54ad771-ee21-bf0a-f8fd-546f0b551521', '34cf0c6a-655c-395e-6960-546f0b3a3228', '2014-11-21 09:53:39', 0);
INSERT INTO accounts_contacts (id, contact_id, account_id, date_modified, deleted) VALUES('cb7a3c57-01c2-775f-dbff-546f0b8dd61d', 'c63b63af-fdfe-11ee-ea27-546f0b456513', '136de8ad-a5f1-27f6-166e-546f0b2e4dc2', '2014-11-21 09:53:39', 0);
INSERT INTO accounts_contacts (id, contact_id, account_id, date_modified, deleted) VALUES('cbe98a8a-c170-8a38-fb00-546f0b018f87', 'c6da6801-f3e9-d0f1-e7ed-546f0b65dfe9', '57e3225e-be98-3f6e-a43e-546f0bb37a6d', '2014-11-21 09:53:39', 0);
INSERT INTO accounts_contacts (id, contact_id, account_id, date_modified, deleted) VALUES('cd835ba9-9ad0-0e36-0f73-546f0bbf2a86', 'c7b9fb42-3679-41ae-1f62-546f0b159aaf', 'ceda2c0d-3996-e0d1-d59b-546f0b258e8d', '2014-11-21 09:53:39', 0);
INSERT INTO accounts_contacts (id, contact_id, account_id, date_modified, deleted) VALUES('cdcd82b2-d728-56ba-68e2-546f0bda12ff', 'c5ada6a4-2f2b-ad0a-72c3-546f0b3296af', '33938732-8554-3bcb-0df8-546f0ba4376a', '2014-11-21 09:53:39', 0);
INSERT INTO accounts_contacts (id, contact_id, account_id, date_modified, deleted) VALUES('cedbd882-fcbe-1e8c-d56f-546f0b832272', 'c9de23fc-c9c9-65a0-6fbb-546f0b98c833', '50ff0656-2ce7-7104-8f7b-546f0b660db9', '2014-11-21 09:53:39', 0);
INSERT INTO accounts_contacts (id, contact_id, account_id, date_modified, deleted) VALUES('d0236643-1651-726b-584d-546f0b220b71', 'cc824d62-e958-05cb-89ba-546f0bcae401', '9881d624-00d8-aca0-92e1-546f0b19a419', '2014-11-21 09:53:39', 0);
INSERT INTO accounts_contacts (id, contact_id, account_id, date_modified, deleted) VALUES('d1471762-d94e-0dcb-fc1c-546f0b62ee0e', 'c8b80734-459f-6ed0-c115-546f0b04335b', 'b76f29f2-98ba-c810-1b07-546f0bfd784b', '2014-11-21 09:53:39', 0);
INSERT INTO accounts_contacts (id, contact_id, account_id, date_modified, deleted) VALUES('d234aa69-8720-26ce-d0d5-546f0ba85383', 'cde31ee3-6bc9-06b4-76d8-546f0b50371c', '5e935cfe-638a-71c6-9878-546f0bcea163', '2014-11-21 09:53:39', 0);
INSERT INTO accounts_contacts (id, contact_id, account_id, date_modified, deleted) VALUES('d2676139-470d-a6b2-46fc-546f0b37bdf7', 'cca778f0-f299-34a4-f6a0-546f0bac6719', 'e64bc206-e528-d225-ea9d-546f0bf0637c', '2014-11-21 09:53:39', 0);
INSERT INTO accounts_contacts (id, contact_id, account_id, date_modified, deleted) VALUES('d33c4dc7-b813-9685-6da6-546f0b85999d', 'cdda0b2b-0d8f-beaf-451e-546f0b50fd7b', '9ec68dde-b6e2-fc18-f7ef-546f0bf02fde', '2014-11-21 09:53:39', 0);
INSERT INTO accounts_contacts (id, contact_id, account_id, date_modified, deleted) VALUES('d3e84c4f-d3a3-c595-2e83-546f0baa26c7', 'cbca2eaf-82f8-23c7-f657-546f0beed34c', 'b73dce6b-dfb4-49d4-1fb1-546f0b0c43fa', '2014-11-21 09:53:39', 0);
INSERT INTO accounts_contacts (id, contact_id, account_id, date_modified, deleted) VALUES('d4ee73e4-7287-b385-de10-546f0b3ef6c1', 'cf66a9d0-74c8-2e60-8674-546f0b288246', '828cd8e1-7450-a3ec-8965-546f0b358378', '2014-11-21 09:53:39', 0);
INSERT INTO accounts_contacts (id, contact_id, account_id, date_modified, deleted) VALUES('d5accf7b-470f-9f29-85b3-546f0b5b30ad', 'd112487b-e333-49fc-0d96-546f0b3a367d', '951a8a4b-7a6d-5db9-2cd7-546f0b642612', '2014-11-21 09:53:39', 0);
INSERT INTO accounts_contacts (id, contact_id, account_id, date_modified, deleted) VALUES('d72f0043-a0ad-b290-d0c4-546f0b3e7f62', 'd23ce4c3-eb24-e28f-3378-546f0b9b5606', '3122d611-860a-97ee-9206-546f0b6b2232', '2014-11-21 09:53:39', 0);
INSERT INTO accounts_contacts (id, contact_id, account_id, date_modified, deleted) VALUES('da253996-591c-4350-ffe2-546f0b2e0cee', 'd459792a-7c6b-34e6-939f-546f0b5d2437', '48fb43d5-0464-700d-f982-546f0b1beb47', '2014-11-21 09:53:39', 0);
INSERT INTO accounts_contacts (id, contact_id, account_id, date_modified, deleted) VALUES('da8df8a5-c834-6119-f392-546f0b3851ec', 'd80324fa-487a-8ee1-c171-546f0bf1a035', 'd900fbf6-e42a-f47f-59be-546f0b9130b3', '2014-11-21 09:53:39', 0);
INSERT INTO accounts_contacts (id, contact_id, account_id, date_modified, deleted) VALUES('de172f12-4e80-f79e-3e73-546f0bc0d0af', 'd8a1a3d7-4258-fd28-8897-546f0bf3fdde', '13c758ce-553b-587b-0844-546f0ba58f27', '2014-11-21 09:53:39', 0);
INSERT INTO accounts_contacts (id, contact_id, account_id, date_modified, deleted) VALUES('defbf231-5eed-67fd-0d8d-546f0b50bacb', 'dab3c734-c7c1-2511-e7c9-546f0b96c7d1', 'dd1ce78a-b6d6-b8a0-917e-546f0ba4908e', '2014-11-21 09:53:39', 0);
INSERT INTO accounts_contacts (id, contact_id, account_id, date_modified, deleted) VALUES('df0f8e51-c5f3-d969-3bd5-546f0bfd3ac9', 'da0b37dd-4603-25c8-a601-546f0b198c4b', '50ff0656-2ce7-7104-8f7b-546f0b660db9', '2014-11-21 09:53:39', 0);
INSERT INTO accounts_contacts (id, contact_id, account_id, date_modified, deleted) VALUES('df1e6b27-7d5c-6684-f7e7-546f0b7a47f5', 'dbb983ab-4204-e185-d1eb-546f0b0dd6ff', 'd900fbf6-e42a-f47f-59be-546f0b9130b3', '2014-11-21 09:53:39', 0);
INSERT INTO accounts_contacts (id, contact_id, account_id, date_modified, deleted) VALUES('e0b4788e-7650-f788-c19b-546f0bcf44a0', 'dcb488dc-fc16-8620-7ad6-546f0b8b041f', 'e9b3f012-a139-b2b0-4031-546f0b2cce11', '2014-11-21 09:53:39', 0);
INSERT INTO accounts_contacts (id, contact_id, account_id, date_modified, deleted) VALUES('e117e0e6-e3cf-b82b-c503-546f0bfb4a3e', 'dd9ab80b-f655-2af2-76b0-546f0bb7d786', '263c1428-4e3e-c237-9b97-546f0b6fd5e9', '2014-11-21 09:53:39', 0);
INSERT INTO accounts_contacts (id, contact_id, account_id, date_modified, deleted) VALUES('e1276d3f-9485-f4b5-383c-546f0b6639f1', 'dcd2b2da-6ca4-01ca-519c-546f0b39c105', 'c77ec30a-a7e0-3176-d10f-546f0b0a51ce', '2014-11-21 09:53:39', 0);
INSERT INTO accounts_contacts (id, contact_id, account_id, date_modified, deleted) VALUES('e4381936-3cf4-cd90-bb7c-546f0b8e6f86', 'e05bb8fb-cf11-75c7-059d-546f0bc96f67', 'd180e82b-ce0d-5769-9eb2-546f0bac275b', '2014-11-21 09:53:39', 0);
INSERT INTO accounts_contacts (id, contact_id, account_id, date_modified, deleted) VALUES('e4f71503-67d4-2173-d178-546f0b1314f5', 'e100c03a-3712-3409-a114-546f0b7e9f92', '71089f73-127b-e8de-1a75-546f0b6ad949', '2014-11-21 09:53:39', 0);
INSERT INTO accounts_contacts (id, contact_id, account_id, date_modified, deleted) VALUES('e6592994-7ac4-a949-9261-546f0bb42c17', 'e24c6553-7044-431a-ff6d-546f0b542fa9', '263c1428-4e3e-c237-9b97-546f0b6fd5e9', '2014-11-21 09:53:39', 0);
INSERT INTO accounts_contacts (id, contact_id, account_id, date_modified, deleted) VALUES('e6bb5618-0b60-cfe6-9dc0-546f0b546d7b', 'e0eb4cdd-b50a-c8ef-0e54-546f0baadd8c', '33938732-8554-3bcb-0df8-546f0ba4376a', '2014-11-21 09:53:39', 0);
INSERT INTO accounts_contacts (id, contact_id, account_id, date_modified, deleted) VALUES('ea78f6e1-72df-d20d-3eee-546f0b42dd82', 'e4c62297-0474-c65c-09f2-546f0b340399', 'dd55cac1-2a6b-e674-b751-546f0bc57439', '2014-11-21 09:53:39', 0);
INSERT INTO accounts_contacts (id, contact_id, account_id, date_modified, deleted) VALUES('ebe8b9e7-2355-1f2f-bcee-546f0b804d69', 'e7476584-9678-2813-aae4-546f0b02b063', 'c77ec30a-a7e0-3176-d10f-546f0b0a51ce', '2014-11-21 09:53:39', 0);
INSERT INTO accounts_contacts (id, contact_id, account_id, date_modified, deleted) VALUES('ed6872d9-3612-b04f-f29c-546f0b9df4b7', 'e949797e-2998-abb1-94e1-546f0b300b5f', 'b73dce6b-dfb4-49d4-1fb1-546f0b0c43fa', '2014-11-21 09:53:39', 0);
INSERT INTO accounts_contacts (id, contact_id, account_id, date_modified, deleted) VALUES('efe0f584-6102-a5cf-3ffc-546f0bff0894', 'eb538c83-6e1f-bc9d-2b57-546f0b16205e', 'd180e82b-ce0d-5769-9eb2-546f0bac275b', '2014-11-21 09:53:39', 0);
INSERT INTO accounts_contacts (id, contact_id, account_id, date_modified, deleted) VALUES('f1067f61-1553-bc78-e6ea-546f0bbdab7a', 'ebfd7082-0142-bd91-be7e-546f0b047ad9', '5e935cfe-638a-71c6-9878-546f0bcea163', '2014-11-21 09:53:39', 0);
INSERT INTO accounts_contacts (id, contact_id, account_id, date_modified, deleted) VALUES('f1643f99-3016-267f-6595-546f0b1f9545', 'ec4428b1-a002-102d-7b27-546f0b19be00', 'a0d2c7cc-3436-c3ec-b389-546f0bed0055', '2014-11-21 09:53:39', 0);
INSERT INTO contacts (id, date_entered, date_modified, modified_user_id, created_by, description, deleted, assigned_user_id, salutation, first_name, last_name, title, department, do_not_call, phone_home, phone_mobile, phone_work, phone_other, phone_fax, primary_address_street, primary_address_city, primary_address_state, primary_address_postalcode, primary_address_country, alt_address_street, alt_address_city, alt_address_state, alt_address_postalcode, alt_address_country, assistant, assistant_phone, lead_source, reports_to_id, birthdate, campaign_id) VALUES('10bdadb0-bced-6d9e-af5d-546f0b3df38f', '2014-11-21 09:53:39', '2014-11-21 09:53:39', '1', '1', NULL, 0, 'seed_max_id', NULL, 'Ignacio', 'Kohan', 'President', NULL, 0, '(743) 191-1224', '(731) 446-3832', '(023) 122-3739', NULL, NULL, '67321 West Siam St.', 'Ohio', 'CA', '39260', 'USA', NULL, NULL, NULL, NULL, NULL, NULL, NULL, 'Other', NULL, NULL, NULL);
INSERT INTO contacts (id, date_entered, date_modified, modified_user_id, created_by, description, deleted, assigned_user_id, salutation, first_name, last_name, title, department, do_not_call, phone_home, phone_mobile, phone_work, phone_other, phone_fax, primary_address_street, primary_address_city, primary_address_state, primary_address_postalcode, primary_address_country, alt_address_street, alt_address_city, alt_address_state, alt_address_postalcode, alt_address_country, assistant, assistant_phone, lead_source, reports_to_id, birthdate, campaign_id) VALUES('11f8af82-1141-1444-cce7-546f0b8d3677', '2014-11-21 09:53:39', '2014-11-21 09:53:39', '1', '1', NULL, 0, 'seed_sarah_id', NULL, 'Elda', 'Wass', 'IT Developer', NULL, 0, '(507) 543-8725', '(831) 577-9391', '(727) 746-6030', NULL, NULL, '999 Baker Way', 'Sunnyvale', 'CA', '24076', 'USA', NULL, NULL, NULL, NULL, NULL, NULL, NULL, 'Public Relations', NULL, NULL, NULL);
INSERT INTO contacts (id, date_entered, date_modified, modified_user_id, created_by, description, deleted, assigned_user_id, salutation, first_name, last_name, title, department, do_not_call, phone_home, phone_mobile, phone_work, phone_other, phone_fax, primary_address_street, primary_address_city, primary_address_state, primary_address_postalcode, primary_address_country, alt_address_street, alt_address_city, alt_address_state, alt_address_postalcode, alt_address_country, assistant, assistant_phone, lead_source, reports_to_id, birthdate, campaign_id) VALUES('1206109e-aabd-2198-fb83-546f0bf6495c', '2014-11-21 09:53:39', '2014-11-21 09:53:39', '1', '1', NULL, 0, 'seed_will_id', NULL, 'Everett', 'Osteen', 'Senior Product Manager', NULL, 0, '(255) 104-5091', '(388) 034-5355', '(040) 287-0495', NULL, NULL, '111 Silicon Valley Road', 'Sunnyvale', 'NY', '67056', 'USA', NULL, NULL, NULL, NULL, NULL, NULL, NULL, 'Partner', NULL, NULL, NULL);
INSERT INTO contacts (id, date_entered, date_modified, modified_user_id, created_by, description, deleted, assigned_user_id, salutation, first_name, last_name, title, department, do_not_call, phone_home, phone_mobile, phone_work, phone_other, phone_fax, primary_address_street, primary_address_city, primary_address_state, primary_address_postalcode, primary_address_country, alt_address_street, alt_address_city, alt_address_state, alt_address_postalcode, alt_address_country, assistant, assistant_phone, lead_source, reports_to_id, birthdate, campaign_id) VALUES('12afb9b3-a92d-b048-48ad-546f0b08802b', '2014-11-21 09:53:39', '2014-11-21 09:53:39', '1', '1', NULL, 0, 'seed_sally_id', NULL, 'Vera', 'Wickstrom', 'Director Sales', NULL, 0, '(823) 802-1312', '(793) 323-1005', '(371) 064-8149', NULL, NULL, '48920 San Carlos Ave', 'Santa Fe', 'CA', '96705', 'USA', NULL, NULL, NULL, NULL, NULL, NULL, NULL, 'Employee', NULL, NULL, NULL);
INSERT INTO contacts (id, date_entered, date_modified, modified_user_id, created_by, description, deleted, assigned_user_id, salutation, first_name, last_name, title, department, do_not_call, phone_home, phone_mobile, phone_work, phone_other, phone_fax, primary_address_street, primary_address_city, primary_address_state, primary_address_postalcode, primary_address_country, alt_address_street, alt_address_city, alt_address_state, alt_address_postalcode, alt_address_country, assistant, assistant_phone, lead_source, reports_to_id, birthdate, campaign_id) VALUES('131a5e73-1fb8-0ae2-6c65-546f0b4ae797', '2014-11-21 09:53:39', '2014-11-21 09:53:39', '1', '1', NULL, 0, 'seed_max_id', NULL, 'Beverley', 'Summers', 'VP Operations', NULL, 0, '(398) 781-4562', '(261) 480-5133', '(650) 534-5757', NULL, NULL, '48920 San Carlos Ave', 'San Francisco', 'CA', '52816', 'USA', NULL, NULL, NULL, NULL, NULL, NULL, NULL, 'Trade Show', NULL, NULL, NULL);
INSERT INTO contacts (id, date_entered, date_modified, modified_user_id, created_by, description, deleted, assigned_user_id, salutation, first_name, last_name, title, department, do_not_call, phone_home, phone_mobile, phone_work, phone_other, phone_fax, primary_address_street, primary_address_city, primary_address_state, primary_address_postalcode, primary_address_country, alt_address_street, alt_address_city, alt_address_state, alt_address_postalcode, alt_address_country, assistant, assistant_phone, lead_source, reports_to_id, birthdate, campaign_id) VALUES('14b3e0c7-f39b-ecb5-54e6-546f0b44b1f8', '2014-11-21 09:53:39', '2014-11-21 09:53:39', '1', '1', NULL, 0, 'seed_max_id', NULL, 'Ray', 'Brenneman', 'Director Operations', NULL, 0, '(711) 180-3995', '(885) 192-9899', '(251) 321-8070', NULL, NULL, '345 Sugar Blvd.', 'Alabama', 'CA', '39279', 'USA', NULL, NULL, NULL, NULL, NULL, NULL, NULL, 'Existing Customer', NULL, NULL, NULL);
INSERT INTO contacts (id, date_entered, date_modified, modified_user_id, created_by, description, deleted, assigned_user_id, salutation, first_name, last_name, title, department, do_not_call, phone_home, phone_mobile, phone_work, phone_other, phone_fax, primary_address_street, primary_address_city, primary_address_state, primary_address_postalcode, primary_address_country, alt_address_street, alt_address_city, alt_address_state, alt_address_postalcode, alt_address_country, assistant, assistant_phone, lead_source, reports_to_id, birthdate, campaign_id) VALUES('158fbb56-9659-adbd-4bae-546f0b1b35ac', '2014-11-21 09:53:39', '2014-11-21 09:53:39', '1', '1', NULL, 0, 'seed_max_id', NULL, 'Myrna', 'Barros', 'Director Operations', NULL, 0, '(579) 557-5801', '(801) 970-4748', '(262) 010-3920', NULL, NULL, '345 Sugar Blvd.', 'Salt Lake City', 'CA', '50959', 'USA', NULL, NULL, NULL, NULL, NULL, NULL, NULL, 'Public Relations', NULL, NULL, NULL);
INSERT INTO contacts (id, date_entered, date_modified, modified_user_id, created_by, description, deleted, assigned_user_id, salutation, first_name, last_name, title, department, do_not_call, phone_home, phone_mobile, phone_work, phone_other, phone_fax, primary_address_street, primary_address_city, primary_address_state, primary_address_postalcode, primary_address_country, alt_address_street, alt_address_city, alt_address_state, alt_address_postalcode, alt_address_country, assistant, assistant_phone, lead_source, reports_to_id, birthdate, campaign_id) VALUES('177f2fb7-82b4-8acc-9902-546f0ba8676c', '2014-11-21 09:53:39', '2014-11-21 09:53:39', '1', '1', NULL, 0, 'seed_sally_id', NULL, 'Jaclyn', 'Matthes', 'Senior Product Manager', NULL, 0, '(042) 363-2712', '(428) 961-4963', '(916) 509-7020', NULL, NULL, '999 Baker Way', 'San Francisco', 'CA', '62980', 'USA', NULL, NULL, NULL, NULL, NULL, NULL, NULL, 'Trade Show', NULL, NULL, NULL);
INSERT INTO contacts (id, date_entered, date_modified, modified_user_id, created_by, description, deleted, assigned_user_id, salutation, first_name, last_name, title, department, do_not_call, phone_home, phone_mobile, phone_work, phone_other, phone_fax, primary_address_street, primary_address_city, primary_address_state, primary_address_postalcode, primary_address_country, alt_address_street, alt_address_city, alt_address_state, alt_address_postalcode, alt_address_country, assistant, assistant_phone, lead_source, reports_to_id, birthdate, campaign_id) VALUES('18558693-9e79-5cf2-e9f6-546f0b77c090', '2014-11-21 09:53:39', '2014-11-21 09:53:39', '1', '1', NULL, 0, 'seed_max_id', NULL, 'Lewis', 'Dengler', 'VP Sales', NULL, 0, '(961) 304-5610', '(417) 099-1925', '(358) 815-9263', NULL, NULL, '345 Sugar Blvd.', 'San Mateo', 'CA', '47051', 'USA', NULL, NULL, NULL, NULL, NULL, NULL, NULL, 'Conference', NULL, NULL, NULL);
INSERT INTO contacts (id, date_entered, date_modified, modified_user_id, created_by, description, deleted, assigned_user_id, salutation, first_name, last_name, title, department, do_not_call, phone_home, phone_mobile, phone_work, phone_other, phone_fax, primary_address_street, primary_address_city, primary_address_state, primary_address_postalcode, primary_address_country, alt_address_street, alt_address_city, alt_address_state, alt_address_postalcode, alt_address_country, assistant, assistant_phone, lead_source, reports_to_id, birthdate, campaign_id) VALUES('18d1bc0b-3758-7157-3ae1-546f0bc5ec8b', '2014-11-21 09:53:39', '2014-11-21 09:53:39', '1', '1', NULL, 0, 'seed_sarah_id', NULL, 'Lindsey', 'Showalter', 'Mgr Operations', NULL, 0, '(831) 102-7707', '(794) 835-9543', '(585) 243-9807', NULL, NULL, '123 Anywhere Street', 'San Mateo', 'CA', '54495', 'USA', NULL, NULL, NULL, NULL, NULL, NULL, NULL, 'Employee', NULL, NULL, NULL);
INSERT INTO contacts (id, date_entered, date_modified, modified_user_id, created_by, description, deleted, assigned_user_id, salutation, first_name, last_name, title, department, do_not_call, phone_home, phone_mobile, phone_work, phone_other, phone_fax, primary_address_street, primary_address_city, primary_address_state, primary_address_postalcode, primary_address_country, alt_address_street, alt_address_city, alt_address_state, alt_address_postalcode, alt_address_country, assistant, assistant_phone, lead_source, reports_to_id, birthdate, campaign_id) VALUES('1b5ea796-5428-c2b7-29e2-546f0ba77273', '2014-11-21 09:53:39', '2014-11-21 09:53:39', '1', '1', NULL, 0, 'seed_will_id', NULL, 'Damian', 'Grand', 'President', NULL, 0, '(329) 110-4034', '(465) 877-0864', '(053) 662-4486', NULL, NULL, '67321 West Siam St.', 'Denver', 'NY', '65496', 'USA', NULL, NULL, NULL, NULL, NULL, NULL, NULL, 'Direct Mail', NULL, NULL, NULL);
INSERT INTO contacts (id, date_entered, date_modified, modified_user_id, created_by, description, deleted, assigned_user_id, salutation, first_name, last_name, title, department, do_not_call, phone_home, phone_mobile, phone_work, phone_other, phone_fax, primary_address_street, primary_address_city, primary_address_state, primary_address_postalcode, primary_address_country, alt_address_street, alt_address_city, alt_address_state, alt_address_postalcode, alt_address_country, assistant, assistant_phone, lead_source, reports_to_id, birthdate, campaign_id) VALUES('1babecc7-88d6-fe65-072b-546f0b7648bf', '2014-11-21 09:53:39', '2014-11-21 09:53:39', '1', '1', NULL, 0, 'seed_will_id', NULL, 'Richard', 'Spink', 'VP Sales', NULL, 0, '(140) 321-1628', '(733) 102-8755', '(564) 134-8561', NULL, NULL, '123 Anywhere Street', 'Alabama', 'NY', '72400', 'USA', NULL, NULL, NULL, NULL, NULL, NULL, NULL, 'Conference', NULL, NULL, NULL);
INSERT INTO contacts (id, date_entered, date_modified, modified_user_id, created_by, description, deleted, assigned_user_id, salutation, first_name, last_name, title, department, do_not_call, phone_home, phone_mobile, phone_work, phone_other, phone_fax, primary_address_street, primary_address_city, primary_address_state, primary_address_postalcode, primary_address_country, alt_address_street, alt_address_city, alt_address_state, alt_address_postalcode, alt_address_country, assistant, assistant_phone, lead_source, reports_to_id, birthdate, campaign_id) VALUES('1cc5b0a1-68f0-81c7-e0c8-546f0b30e2da', '2014-11-21 09:53:39', '2014-11-21 09:53:39', '1', '1', NULL, 0, 'seed_sally_id', NULL, 'Micah', 'Mccormick', 'VP Sales', NULL, 0, '(584) 925-8942', '(852) 133-3349', '(821) 401-9611', NULL, NULL, '1715 Scott Dr', 'Alabama', 'CA', '99027', 'USA', NULL, NULL, NULL, NULL, NULL, NULL, NULL, 'Direct Mail', NULL, NULL, NULL);
INSERT INTO contacts (id, date_entered, date_modified, modified_user_id, created_by, description, deleted, assigned_user_id, salutation, first_name, last_name, title, department, do_not_call, phone_home, phone_mobile, phone_work, phone_other, phone_fax, primary_address_street, primary_address_city, primary_address_state, primary_address_postalcode, primary_address_country, alt_address_street, alt_address_city, alt_address_state, alt_address_postalcode, alt_address_country, assistant, assistant_phone, lead_source, reports_to_id, birthdate, campaign_id) VALUES('1d8ff461-3373-69d7-a052-546f0b2825ce', '2014-11-21 09:53:39', '2014-11-21 09:53:39', '1', '1', NULL, 0, 'seed_max_id', NULL, 'Patricia', 'Dion', 'IT Developer', NULL, 0, '(350) 085-2901', '(389) 359-7434', '(502) 980-6690', NULL, NULL, '321 University Ave.', 'St. Petersburg', 'CA', '69358', 'USA', NULL, NULL, NULL, NULL, NULL, NULL, NULL, 'Conference', NULL, NULL, NULL);
INSERT INTO contacts (id, date_entered, date_modified, modified_user_id, created_by, description, deleted, assigned_user_id, salutation, first_name, last_name, title, department, do_not_call, phone_home, phone_mobile, phone_work, phone_other, phone_fax, primary_address_street, primary_address_city, primary_address_state, primary_address_postalcode, primary_address_country, alt_address_street, alt_address_city, alt_address_state, alt_address_postalcode, alt_address_country, assistant, assistant_phone, lead_source, reports_to_id, birthdate, campaign_id) VALUES('1e18fc33-fd7b-d91b-9103-546f0baca869', '2014-11-21 09:53:39', '2014-11-21 09:53:39', '1', '1', NULL, 0, 'seed_chris_id', NULL, 'Rex', 'Betty', 'Director Operations', NULL, 0, '(336) 937-5757', '(376) 436-2394', '(855) 772-2841', NULL, NULL, '1715 Scott Dr', 'Kansas City', 'NY', '28377', 'USA', NULL, NULL, NULL, NULL, NULL, NULL, NULL, 'Web Site', NULL, NULL, NULL);
INSERT INTO contacts (id, date_entered, date_modified, modified_user_id, created_by, description, deleted, assigned_user_id, salutation, first_name, last_name, title, department, do_not_call, phone_home, phone_mobile, phone_work, phone_other, phone_fax, primary_address_street, primary_address_city, primary_address_state, primary_address_postalcode, primary_address_country, alt_address_street, alt_address_city, alt_address_state, alt_address_postalcode, alt_address_country, assistant, assistant_phone, lead_source, reports_to_id, birthdate, campaign_id) VALUES('1fa03488-c906-8adc-39fb-546f0bd141f7', '2014-11-21 09:53:39', '2014-11-21 09:53:39', '1', '1', NULL, 0, 'seed_chris_id', NULL, 'Deidra', 'Milardo', 'Director Sales', NULL, 0, '(777) 256-9461', '(682) 905-8544', '(432) 063-7160', NULL, NULL, '777 West Filmore Ln', 'St. Petersburg', 'NY', '24479', 'USA', NULL, NULL, NULL, NULL, NULL, NULL, NULL, 'Email', NULL, NULL, NULL);
INSERT INTO contacts (id, date_entered, date_modified, modified_user_id, created_by, description, deleted, assigned_user_id, salutation, first_name, last_name, title, department, do_not_call, phone_home, phone_mobile, phone_work, phone_other, phone_fax, primary_address_street, primary_address_city, primary_address_state, primary_address_postalcode, primary_address_country, alt_address_street, alt_address_city, alt_address_state, alt_address_postalcode, alt_address_country, assistant, assistant_phone, lead_source, reports_to_id, birthdate, campaign_id) VALUES('1fa0ff90-dc99-6f54-b35c-546f0b6f3b4a', '2014-11-21 09:53:39', '2014-11-21 09:53:39', '1', '1', NULL, 0, 'seed_sarah_id', NULL, 'Allen', 'Pisani', 'Director Sales', NULL, 0, '(607) 504-2931', '(937) 734-0817', '(145) 193-0629', NULL, NULL, '9 IBM Path', 'Ohio', 'CA', '80461', 'USA', NULL, NULL, NULL, NULL, NULL, NULL, NULL, 'Existing Customer', NULL, NULL, NULL);
INSERT INTO contacts (id, date_entered, date_modified, modified_user_id, created_by, description, deleted, assigned_user_id, salutation, first_name, last_name, title, department, do_not_call, phone_home, phone_mobile, phone_work, phone_other, phone_fax, primary_address_street, primary_address_city, primary_address_state, primary_address_postalcode, primary_address_country, alt_address_street, alt_address_city, alt_address_state, alt_address_postalcode, alt_address_country, assistant, assistant_phone, lead_source, reports_to_id, birthdate, campaign_id) VALUES('1fa5e1b5-c1a7-e9ef-53c7-546f0bf91767', '2014-11-21 09:53:39', '2014-11-21 09:53:39', '1', '1', NULL, 0, 'seed_chris_id', NULL, 'Samuel', 'Maggio', 'Director Sales', NULL, 0, '(781) 694-6766', '(129) 255-6867', '(520) 994-1755', NULL, NULL, '345 Sugar Blvd.', 'Sunnyvale', 'NY', '62945', 'USA', NULL, NULL, NULL, NULL, NULL, NULL, NULL, 'Existing Customer', NULL, NULL, NULL);
INSERT INTO contacts (id, date_entered, date_modified, modified_user_id, created_by, description, deleted, assigned_user_id, salutation, first_name, last_name, title, department, do_not_call, phone_home, phone_mobile, phone_work, phone_other, phone_fax, primary_address_street, primary_address_city, primary_address_state, primary_address_postalcode, primary_address_country, alt_address_street, alt_address_city, alt_address_state, alt_address_postalcode, alt_address_country, assistant, assistant_phone, lead_source, reports_to_id, birthdate, campaign_id) VALUES('225d079a-af8a-0b2e-efe7-546f0bbba2e2', '2014-11-21 09:53:39', '2014-11-21 09:53:39', '1', '1', NULL, 0, 'seed_chris_id', NULL, 'Ursula', 'Glatt', 'Director Sales', NULL, 0, '(994) 884-1566', '(010) 858-0712', '(342) 736-4831', NULL, NULL, '67321 West Siam St.', 'Denver', 'NY', '88786', 'USA', NULL, NULL, NULL, NULL, NULL, NULL, NULL, 'Partner', NULL, NULL, NULL);
INSERT INTO contacts (id, date_entered, date_modified, modified_user_id, created_by, description, deleted, assigned_user_id, salutation, first_name, last_name, title, department, do_not_call, phone_home, phone_mobile, phone_work, phone_other, phone_fax, primary_address_street, primary_address_city, primary_address_state, primary_address_postalcode, primary_address_country, alt_address_street, alt_address_city, alt_address_state, alt_address_postalcode, alt_address_country, assistant, assistant_phone, lead_source, reports_to_id, birthdate, campaign_id) VALUES('26d0478f-1265-f15a-8861-546f0b922ea7', '2014-11-21 09:53:39', '2014-11-21 09:53:39', '1', '1', NULL, 0, 'seed_max_id', NULL, 'Frankie', 'Wilkins', 'President', NULL, 0, '(169) 712-1667', '(537) 446-8744', '(495) 201-4809', NULL, NULL, '999 Baker Way', 'Los Angeles', 'CA', '20564', 'USA', NULL, NULL, NULL, NULL, NULL, NULL, NULL, 'Campaign', NULL, NULL, NULL);
INSERT INTO contacts (id, date_entered, date_modified, modified_user_id, created_by, description, deleted, assigned_user_id, salutation, first_name, last_name, title, department, do_not_call, phone_home, phone_mobile, phone_work, phone_other, phone_fax, primary_address_street, primary_address_city, primary_address_state, primary_address_postalcode, primary_address_country, alt_address_street, alt_address_city, alt_address_state, alt_address_postalcode, alt_address_country, assistant, assistant_phone, lead_source, reports_to_id, birthdate, campaign_id) VALUES('27076936-c709-727b-76cc-546f0b3acf39', '2014-11-21 09:53:39', '2014-11-21 09:53:39', '1', '1', NULL, 0, 'seed_sarah_id', NULL, 'Annette', 'Freitag', 'Senior Product Manager', NULL, 0, '(587) 634-1441', '(097) 475-5767', '(956) 959-9918', NULL, NULL, '9 IBM Path', 'Alabama', 'CA', '65096', 'USA', NULL, NULL, NULL, NULL, NULL, NULL, NULL, 'Existing Customer', NULL, NULL, NULL);
INSERT INTO contacts (id, date_entered, date_modified, modified_user_id, created_by, description, deleted, assigned_user_id, salutation, first_name, last_name, title, department, do_not_call, phone_home, phone_mobile, phone_work, phone_other, phone_fax, primary_address_street, primary_address_city, primary_address_state, primary_address_postalcode, primary_address_country, alt_address_street, alt_address_city, alt_address_state, alt_address_postalcode, alt_address_country, assistant, assistant_phone, lead_source, reports_to_id, birthdate, campaign_id) VALUES('29167d20-12d1-b55d-b581-546f0b4612de', '2014-11-21 09:53:39', '2014-11-21 09:53:39', '1', '1', NULL, 0, 'seed_sally_id', NULL, 'Charles', 'Boothe', 'VP Operations', NULL, 0, '(398) 950-1281', '(100) 821-9312', '(147) 445-3714', NULL, NULL, '48920 San Carlos Ave', 'Sunnyvale', 'CA', '17427', 'USA', NULL, NULL, NULL, NULL, NULL, NULL, NULL, 'Existing Customer', NULL, NULL, NULL);
INSERT INTO contacts (id, date_entered, date_modified, modified_user_id, created_by, description, deleted, assigned_user_id, salutation, first_name, last_name, title, department, do_not_call, phone_home, phone_mobile, phone_work, phone_other, phone_fax, primary_address_street, primary_address_city, primary_address_state, primary_address_postalcode, primary_address_country, alt_address_street, alt_address_city, alt_address_state, alt_address_postalcode, alt_address_country, assistant, assistant_phone, lead_source, reports_to_id, birthdate, campaign_id) VALUES('2a0d397d-df7a-80f8-2169-546f0b834bd0', '2014-11-21 09:53:39', '2014-11-21 09:53:39', '1', '1', NULL, 0, 'seed_will_id', NULL, 'Natalie', 'Bleau', 'President', NULL, 0, '(038) 995-1711', '(643) 195-0095', '(077) 274-0209', NULL, NULL, '777 West Filmore Ln', 'Cupertino', 'NY', '89462', 'USA', NULL, NULL, NULL, NULL, NULL, NULL, NULL, 'Campaign', NULL, NULL, NULL);
INSERT INTO contacts (id, date_entered, date_modified, modified_user_id, created_by, description, deleted, assigned_user_id, salutation, first_name, last_name, title, department, do_not_call, phone_home, phone_mobile, phone_work, phone_other, phone_fax, primary_address_street, primary_address_city, primary_address_state, primary_address_postalcode, primary_address_country, alt_address_street, alt_address_city, alt_address_state, alt_address_postalcode, alt_address_country, assistant, assistant_phone, lead_source, reports_to_id, birthdate, campaign_id) VALUES('2bdfb0d7-4f58-7227-9cdd-546f0b682769', '2014-11-21 09:53:39', '2014-11-21 09:53:39', '1', '1', NULL, 0, 'seed_sarah_id', NULL, 'Julia', 'Schneider', 'President', NULL, 0, '(411) 539-7655', '(634) 073-8618', '(785) 459-2792', NULL, NULL, '9 IBM Path', 'Ohio', 'CA', '18353', 'USA', NULL, NULL, NULL, NULL, NULL, NULL, NULL, 'Partner', NULL, NULL, NULL);
INSERT INTO contacts (id, date_entered, date_modified, modified_user_id, created_by, description, deleted, assigned_user_id, salutation, first_name, last_name, title, department, do_not_call, phone_home, phone_mobile, phone_work, phone_other, phone_fax, primary_address_street, primary_address_city, primary_address_state, primary_address_postalcode, primary_address_country, alt_address_street, alt_address_city, alt_address_state, alt_address_postalcode, alt_address_country, assistant, assistant_phone, lead_source, reports_to_id, birthdate, campaign_id) VALUES('2beb3fd0-a5d4-28ee-cc63-546f0be81d5a', '2014-11-21 09:53:39', '2014-11-21 09:53:39', '1', '1', NULL, 0, 'seed_sally_id', NULL, 'Candy', 'Wehrle', 'Director Operations', NULL, 0, '(372) 289-2005', '(902) 553-1952', '(843) 091-6726', NULL, NULL, '111 Silicon Valley Road', 'San Francisco', 'CA', '24760', 'USA', NULL, NULL, NULL, NULL, NULL, NULL, NULL, 'Email', NULL, NULL, NULL);
INSERT INTO contacts (id, date_entered, date_modified, modified_user_id, created_by, description, deleted, assigned_user_id, salutation, first_name, last_name, title, department, do_not_call, phone_home, phone_mobile, phone_work, phone_other, phone_fax, primary_address_street, primary_address_city, primary_address_state, primary_address_postalcode, primary_address_country, alt_address_street, alt_address_city, alt_address_state, alt_address_postalcode, alt_address_country, assistant, assistant_phone, lead_source, reports_to_id, birthdate, campaign_id) VALUES('2d270a22-a00e-4948-6358-546f0be8ec45', '2014-11-21 09:53:39', '2014-11-21 09:53:39', '1', '1', NULL, 0, 'seed_sally_id', NULL, 'Aisha', 'Hinojosa', 'VP Sales', NULL, 0, '(678) 046-4008', '(983) 390-0570', '(314) 349-8758', NULL, NULL, '67321 West Siam St.', 'Los Angeles', 'CA', '84538', 'USA', NULL, NULL, NULL, NULL, NULL, NULL, NULL, 'Cold Call', NULL, NULL, NULL);
INSERT INTO contacts (id, date_entered, date_modified, modified_user_id, created_by, description, deleted, assigned_user_id, salutation, first_name, last_name, title, department, do_not_call, phone_home, phone_mobile, phone_work, phone_other, phone_fax, primary_address_street, primary_address_city, primary_address_state, primary_address_postalcode, primary_address_country, alt_address_street, alt_address_city, alt_address_state, alt_address_postalcode, alt_address_country, assistant, assistant_phone, lead_source, reports_to_id, birthdate, campaign_id) VALUES('2d66886a-29d3-5d75-4870-546f0bc3ad30', '2014-11-21 09:53:39', '2014-11-21 09:53:39', '1', '1', NULL, 0, 'seed_sally_id', NULL, 'Meghan', 'Midgett', 'Mgr Operations', NULL, 0, '(106) 180-3168', '(170) 774-5595', '(206) 819-4284', NULL, NULL, '777 West Filmore Ln', 'Los Angeles', 'CA', '60220', 'USA', NULL, NULL, NULL, NULL, NULL, NULL, NULL, 'Cold Call', NULL, NULL, NULL);
INSERT INTO contacts (id, date_entered, date_modified, modified_user_id, created_by, description, deleted, assigned_user_id, salutation, first_name, last_name, title, department, do_not_call, phone_home, phone_mobile, phone_work, phone_other, phone_fax, primary_address_street, primary_address_city, primary_address_state, primary_address_postalcode, primary_address_country, alt_address_street, alt_address_city, alt_address_state, alt_address_postalcode, alt_address_country, assistant, assistant_phone, lead_source, reports_to_id, birthdate, campaign_id) VALUES('31a4da24-4a9f-3a9e-20f7-546f0bd169b4', '2014-11-21 09:53:39', '2014-11-21 09:53:39', '1', '1', NULL, 0, 'seed_will_id', NULL, 'Benny', 'Coots', 'Director Sales', NULL, 0, '(268) 555-1690', '(061) 647-1696', '(733) 841-0316', NULL, NULL, '1715 Scott Dr', 'Los Angeles', 'NY', '83557', 'USA', NULL, NULL, NULL, NULL, NULL, NULL, NULL, 'Trade Show', NULL, NULL, NULL);
INSERT INTO contacts (id, date_entered, date_modified, modified_user_id, created_by, description, deleted, assigned_user_id, salutation, first_name, last_name, title, department, do_not_call, phone_home, phone_mobile, phone_work, phone_other, phone_fax, primary_address_street, primary_address_city, primary_address_state, primary_address_postalcode, primary_address_country, alt_address_street, alt_address_city, alt_address_state, alt_address_postalcode, alt_address_country, assistant, assistant_phone, lead_source, reports_to_id, birthdate, campaign_id) VALUES('333ecd41-d8cc-3417-b70b-546f0bd33af8', '2014-11-21 09:53:39', '2014-11-21 09:53:39', '1', '1', NULL, 0, 'seed_max_id', NULL, 'Bryant', 'Quintana', 'Senior Product Manager', NULL, 0, '(166) 710-5283', '(044) 236-7382', '(928) 113-2268', NULL, NULL, '67321 West Siam St.', 'San Mateo', 'CA', '49146', 'USA', NULL, NULL, NULL, NULL, NULL, NULL, NULL, 'Existing Customer', NULL, NULL, NULL);
INSERT INTO contacts (id, date_entered, date_modified, modified_user_id, created_by, description, deleted, assigned_user_id, salutation, first_name, last_name, title, department, do_not_call, phone_home, phone_mobile, phone_work, phone_other, phone_fax, primary_address_street, primary_address_city, primary_address_state, primary_address_postalcode, primary_address_country, alt_address_street, alt_address_city, alt_address_state, alt_address_postalcode, alt_address_country, assistant, assistant_phone, lead_source, reports_to_id, birthdate, campaign_id) VALUES('33db0c4d-051d-6557-4e23-546f0bce6779', '2014-11-21 09:53:39', '2014-11-21 09:53:39', '1', '1', NULL, 0, 'seed_max_id', NULL, 'Arnoldo', 'Drummond', 'VP Sales', NULL, 0, '(753) 976-2660', '(757) 608-2572', '(075) 808-9294', NULL, NULL, '777 West Filmore Ln', 'Santa Fe', 'CA', '97530', 'USA', NULL, NULL, NULL, NULL, NULL, NULL, NULL, '', NULL, NULL, NULL);
INSERT INTO contacts (id, date_entered, date_modified, modified_user_id, created_by, description, deleted, assigned_user_id, salutation, first_name, last_name, title, department, do_not_call, phone_home, phone_mobile, phone_work, phone_other, phone_fax, primary_address_street, primary_address_city, primary_address_state, primary_address_postalcode, primary_address_country, alt_address_street, alt_address_city, alt_address_state, alt_address_postalcode, alt_address_country, assistant, assistant_phone, lead_source, reports_to_id, birthdate, campaign_id) VALUES('340284e0-087e-8160-5f78-546f0b600ae3', '2014-11-21 09:53:39', '2014-11-21 09:53:39', '1', '1', NULL, 0, 'seed_will_id', NULL, 'Jewel', 'Samayoa', 'Director Operations', NULL, 0, '(600) 950-0436', '(358) 126-3122', '(491) 549-5885', NULL, NULL, '321 University Ave.', 'San Francisco', 'NY', '22027', 'USA', NULL, NULL, NULL, NULL, NULL, NULL, NULL, 'Public Relations', NULL, NULL, NULL);
INSERT INTO contacts (id, date_entered, date_modified, modified_user_id, created_by, description, deleted, assigned_user_id, salutation, first_name, last_name, title, department, do_not_call, phone_home, phone_mobile, phone_work, phone_other, phone_fax, primary_address_street, primary_address_city, primary_address_state, primary_address_postalcode, primary_address_country, alt_address_street, alt_address_city, alt_address_state, alt_address_postalcode, alt_address_country, assistant, assistant_phone, lead_source, reports_to_id, birthdate, campaign_id) VALUES('34cee52a-08d7-e2c4-f4aa-546f0b8bfd63', '2014-11-21 09:53:39', '2014-11-21 09:53:39', '1', '1', NULL, 0, 'seed_sarah_id', NULL, 'Bobbi', 'Kincer', 'Director Sales', NULL, 0, '(803) 957-1966', '(303) 554-5986', '(529) 656-0027', NULL, NULL, '9 IBM Path', 'Santa Monica', 'CA', '67542', 'USA', NULL, NULL, NULL, NULL, NULL, NULL, NULL, 'Other', NULL, NULL, NULL);
INSERT INTO contacts (id, date_entered, date_modified, modified_user_id, created_by, description, deleted, assigned_user_id, salutation, first_name, last_name, title, department, do_not_call, phone_home, phone_mobile, phone_work, phone_other, phone_fax, primary_address_street, primary_address_city, primary_address_state, primary_address_postalcode, primary_address_country, alt_address_street, alt_address_city, alt_address_state, alt_address_postalcode, alt_address_country, assistant, assistant_phone, lead_source, reports_to_id, birthdate, campaign_id) VALUES('35a9812a-a791-90fa-8678-546f0bd43906', '2014-11-21 09:53:39', '2014-11-21 09:53:39', '1', '1', NULL, 0, 'seed_max_id', NULL, 'Alyce', 'Mowrey', 'IT Developer', NULL, 0, '(169) 213-4681', '(469) 671-7239', '(647) 999-4829', NULL, NULL, '777 West Filmore Ln', 'Los Angeles', 'CA', '13056', 'USA', NULL, NULL, NULL, NULL, NULL, NULL, NULL, 'Email', NULL, NULL, NULL);
INSERT INTO contacts (id, date_entered, date_modified, modified_user_id, created_by, description, deleted, assigned_user_id, salutation, first_name, last_name, title, department, do_not_call, phone_home, phone_mobile, phone_work, phone_other, phone_fax, primary_address_street, primary_address_city, primary_address_state, primary_address_postalcode, primary_address_country, alt_address_street, alt_address_city, alt_address_state, alt_address_postalcode, alt_address_country, assistant, assistant_phone, lead_source, reports_to_id, birthdate, campaign_id) VALUES('3609ceb1-6525-f662-cb9f-546f0bf45428', '2014-11-21 09:53:39', '2014-11-21 09:53:39', '1', '1', NULL, 0, 'seed_max_id', NULL, 'Colton', 'Sellars', 'Director Sales', NULL, 0, '(460) 905-8235', '(479) 318-8689', '(623) 695-6265', NULL, NULL, '67321 West Siam St.', 'Denver', 'CA', '35463', 'USA', NULL, NULL, NULL, NULL, NULL, NULL, NULL, 'Campaign', NULL, NULL, NULL);
INSERT INTO contacts (id, date_entered, date_modified, modified_user_id, created_by, description, deleted, assigned_user_id, salutation, first_name, last_name, title, department, do_not_call, phone_home, phone_mobile, phone_work, phone_other, phone_fax, primary_address_street, primary_address_city, primary_address_state, primary_address_postalcode, primary_address_country, alt_address_street, alt_address_city, alt_address_state, alt_address_postalcode, alt_address_country, assistant, assistant_phone, lead_source, reports_to_id, birthdate, campaign_id) VALUES('37561849-9e2d-13c9-3374-546f0b44aafd', '2014-11-21 09:53:39', '2014-11-21 09:53:39', '1', '1', NULL, 0, 'seed_will_id', NULL, 'Alba', 'Lebel', 'Mgr Operations', NULL, 0, '(012) 200-0584', '(804) 629-8299', '(405) 896-4043', NULL, NULL, '123 Anywhere Street', 'Cupertino', 'NY', '35264', 'USA', NULL, NULL, NULL, NULL, NULL, NULL, NULL, 'Public Relations', NULL, NULL, NULL);
INSERT INTO contacts (id, date_entered, date_modified, modified_user_id, created_by, description, deleted, assigned_user_id, salutation, first_name, last_name, title, department, do_not_call, phone_home, phone_mobile, phone_work, phone_other, phone_fax, primary_address_street, primary_address_city, primary_address_state, primary_address_postalcode, primary_address_country, alt_address_street, alt_address_city, alt_address_state, alt_address_postalcode, alt_address_country, assistant, assistant_phone, lead_source, reports_to_id, birthdate, campaign_id) VALUES('375d0372-dce3-ea22-29f6-546f0b592745', '2014-11-21 09:53:39', '2014-11-21 09:53:39', '1', '1', NULL, 0, 'seed_chris_id', NULL, 'Duane', 'Drakes', 'President', NULL, 0, '(636) 965-7365', '(608) 071-3447', '(269) 036-5137', NULL, NULL, '123 Anywhere Street', 'Sunnyvale', 'NY', '53598', 'USA', NULL, NULL, NULL, NULL, NULL, NULL, NULL, 'Self Generated', NULL, NULL, NULL);
INSERT INTO contacts (id, date_entered, date_modified, modified_user_id, created_by, description, deleted, assigned_user_id, salutation, first_name, last_name, title, department, do_not_call, phone_home, phone_mobile, phone_work, phone_other, phone_fax, primary_address_street, primary_address_city, primary_address_state, primary_address_postalcode, primary_address_country, alt_address_street, alt_address_city, alt_address_state, alt_address_postalcode, alt_address_country, assistant, assistant_phone, lead_source, reports_to_id, birthdate, campaign_id) VALUES('389f9d29-b3d7-e63b-50b2-546f0bff44d9', '2014-11-21 09:53:39', '2014-11-21 09:53:39', '1', '1', NULL, 0, 'seed_sally_id', NULL, 'Lenny', 'Wehner', 'VP Sales', NULL, 0, '(678) 713-6141', '(889) 516-8738', '(006) 144-6977', NULL, NULL, '9 IBM Path', 'San Mateo', 'CA', '92642', 'USA', NULL, NULL, NULL, NULL, NULL, NULL, NULL, 'Employee', NULL, NULL, NULL);
INSERT INTO contacts (id, date_entered, date_modified, modified_user_id, created_by, description, deleted, assigned_user_id, salutation, first_name, last_name, title, department, do_not_call, phone_home, phone_mobile, phone_work, phone_other, phone_fax, primary_address_street, primary_address_city, primary_address_state, primary_address_postalcode, primary_address_country, alt_address_street, alt_address_city, alt_address_state, alt_address_postalcode, alt_address_country, assistant, assistant_phone, lead_source, reports_to_id, birthdate, campaign_id) VALUES('3a237759-8110-b4bf-cdd2-546f0b68be68', '2014-11-21 09:53:39', '2014-11-21 09:53:39', '1', '1', NULL, 0, 'seed_sarah_id', NULL, 'Patsy', 'Yi', 'Mgr Operations', NULL, 0, '(454) 097-1406', '(517) 882-3157', '(742) 271-6456', NULL, NULL, '67321 West Siam St.', 'Alabama', 'CA', '66774', 'USA', NULL, NULL, NULL, NULL, NULL, NULL, NULL, 'Word of mouth', NULL, NULL, NULL);
INSERT INTO contacts (id, date_entered, date_modified, modified_user_id, created_by, description, deleted, assigned_user_id, salutation, first_name, last_name, title, department, do_not_call, phone_home, phone_mobile, phone_work, phone_other, phone_fax, primary_address_street, primary_address_city, primary_address_state, primary_address_postalcode, primary_address_country, alt_address_street, alt_address_city, alt_address_state, alt_address_postalcode, alt_address_country, assistant, assistant_phone, lead_source, reports_to_id, birthdate, campaign_id) VALUES('3a8a028d-efdf-9a6b-c761-546f0b845f91', '2014-11-21 09:53:39', '2014-11-21 09:53:39', '1', '1', NULL, 0, 'seed_sally_id', NULL, 'Wiley', 'Shore', 'VP Operations', NULL, 0, '(573) 513-9759', '(918) 830-5716', '(113) 560-6583', NULL, NULL, '345 Sugar Blvd.', 'San Mateo', 'CA', '98276', 'USA', NULL, NULL, NULL, NULL, NULL, NULL, NULL, 'Partner', NULL, NULL, NULL);
INSERT INTO contacts (id, date_entered, date_modified, modified_user_id, created_by, description, deleted, assigned_user_id, salutation, first_name, last_name, title, department, do_not_call, phone_home, phone_mobile, phone_work, phone_other, phone_fax, primary_address_street, primary_address_city, primary_address_state, primary_address_postalcode, primary_address_country, alt_address_street, alt_address_city, alt_address_state, alt_address_postalcode, alt_address_country, assistant, assistant_phone, lead_source, reports_to_id, birthdate, campaign_id) VALUES('3af68a20-e0c2-5d51-7f0a-546f0bc6ed81', '2014-11-21 09:53:39', '2014-11-21 09:53:39', '1', '1', NULL, 0, 'seed_sally_id', NULL, 'Tisha', 'Groh', 'Mgr Operations', NULL, 0, '(460) 419-0260', '(860) 465-4086', '(606) 593-8475', NULL, NULL, '67321 West Siam St.', 'Los Angeles', 'CA', '30646', 'USA', NULL, NULL, NULL, NULL, NULL, NULL, NULL, 'Employee', NULL, NULL, NULL);
INSERT INTO contacts (id, date_entered, date_modified, modified_user_id, created_by, description, deleted, assigned_user_id, salutation, first_name, last_name, title, department, do_not_call, phone_home, phone_mobile, phone_work, phone_other, phone_fax, primary_address_street, primary_address_city, primary_address_state, primary_address_postalcode, primary_address_country, alt_address_street, alt_address_city, alt_address_state, alt_address_postalcode, alt_address_country, assistant, assistant_phone, lead_source, reports_to_id, birthdate, campaign_id) VALUES('3b79b78c-ade4-eaf4-aa50-546f0becc749', '2014-11-21 09:53:39', '2014-11-21 09:53:39', '1', '1', NULL, 0, 'seed_max_id', NULL, 'Geri', 'Barraza', 'IT Developer', NULL, 0, '(448) 969-8373', '(508) 508-8336', '(785) 281-7413', NULL, NULL, '999 Baker Way', 'Persistance', 'CA', '75323', 'USA', NULL, NULL, NULL, NULL, NULL, NULL, NULL, 'Word of mouth', NULL, NULL, NULL);
INSERT INTO contacts (id, date_entered, date_modified, modified_user_id, created_by, description, deleted, assigned_user_id, salutation, first_name, last_name, title, department, do_not_call, phone_home, phone_mobile, phone_work, phone_other, phone_fax, primary_address_street, primary_address_city, primary_address_state, primary_address_postalcode, primary_address_country, alt_address_street, alt_address_city, alt_address_state, alt_address_postalcode, alt_address_country, assistant, assistant_phone, lead_source, reports_to_id, birthdate, campaign_id) VALUES('4081dad0-85e9-6b95-d35d-546f0bd48ab8', '2014-11-21 09:53:39', '2014-11-21 09:53:39', '1', '1', NULL, 0, 'seed_max_id', NULL, 'Courtney', 'Littrell', 'IT Developer', NULL, 0, '(083) 838-2916', '(358) 417-3769', '(380) 965-5445', NULL, NULL, '321 University Ave.', 'Ohio', 'CA', '47485', 'USA', NULL, NULL, NULL, NULL, NULL, NULL, NULL, 'Employee', NULL, NULL, NULL);
INSERT INTO contacts (id, date_entered, date_modified, modified_user_id, created_by, description, deleted, assigned_user_id, salutation, first_name, last_name, title, department, do_not_call, phone_home, phone_mobile, phone_work, phone_other, phone_fax, primary_address_street, primary_address_city, primary_address_state, primary_address_postalcode, primary_address_country, alt_address_street, alt_address_city, alt_address_state, alt_address_postalcode, alt_address_country, assistant, assistant_phone, lead_source, reports_to_id, birthdate, campaign_id) VALUES('4385c3de-ab4f-7da2-bba8-546f0b6ddc94', '2014-11-21 09:53:39', '2014-11-21 09:53:39', '1', '1', NULL, 0, 'seed_max_id', NULL, 'Aida', 'Tokarz', 'Director Sales', NULL, 0, '(463) 389-7448', '(137) 072-1654', '(061) 231-3284', NULL, NULL, '123 Anywhere Street', 'San Mateo', 'CA', '77260', 'USA', NULL, NULL, NULL, NULL, NULL, NULL, NULL, 'Existing Customer', NULL, NULL, NULL);
INSERT INTO contacts (id, date_entered, date_modified, modified_user_id, created_by, description, deleted, assigned_user_id, salutation, first_name, last_name, title, department, do_not_call, phone_home, phone_mobile, phone_work, phone_other, phone_fax, primary_address_street, primary_address_city, primary_address_state, primary_address_postalcode, primary_address_country, alt_address_street, alt_address_city, alt_address_state, alt_address_postalcode, alt_address_country, assistant, assistant_phone, lead_source, reports_to_id, birthdate, campaign_id) VALUES('43873202-4bf8-ecc6-cfb8-546f0ba8e19b', '2014-11-21 09:53:39', '2014-11-21 09:53:39', '1', '1', NULL, 0, 'seed_sarah_id', NULL, 'Muriel', 'Badilla', 'President', NULL, 0, '(120) 850-3624', '(814) 978-1268', '(554) 523-5342', NULL, NULL, '9 IBM Path', 'Alabama', 'CA', '99677', 'USA', NULL, NULL, NULL, NULL, NULL, NULL, NULL, 'Campaign', NULL, NULL, NULL);
INSERT INTO contacts (id, date_entered, date_modified, modified_user_id, created_by, description, deleted, assigned_user_id, salutation, first_name, last_name, title, department, do_not_call, phone_home, phone_mobile, phone_work, phone_other, phone_fax, primary_address_street, primary_address_city, primary_address_state, primary_address_postalcode, primary_address_country, alt_address_street, alt_address_city, alt_address_state, alt_address_postalcode, alt_address_country, assistant, assistant_phone, lead_source, reports_to_id, birthdate, campaign_id) VALUES('44406d7b-0dd5-80c1-9eac-546f0b177358', '2014-11-21 09:53:39', '2014-11-21 09:53:39', '1', '1', NULL, 0, 'seed_max_id', NULL, 'Sharlene', 'Fabrizio', 'President', NULL, 0, '(543) 916-9093', '(976) 461-0308', '(254) 422-8559', NULL, NULL, '1715 Scott Dr', 'Ohio', 'CA', '35802', 'USA', NULL, NULL, NULL, NULL, NULL, NULL, NULL, 'Cold Call', NULL, NULL, NULL);
INSERT INTO contacts (id, date_entered, date_modified, modified_user_id, created_by, description, deleted, assigned_user_id, salutation, first_name, last_name, title, department, do_not_call, phone_home, phone_mobile, phone_work, phone_other, phone_fax, primary_address_street, primary_address_city, primary_address_state, primary_address_postalcode, primary_address_country, alt_address_street, alt_address_city, alt_address_state, alt_address_postalcode, alt_address_country, assistant, assistant_phone, lead_source, reports_to_id, birthdate, campaign_id) VALUES('448b1e5b-1a1d-6e60-3ed2-546f0bb80331', '2014-11-21 09:53:39', '2014-11-21 09:53:39', '1', '1', NULL, 0, 'seed_will_id', NULL, 'Tracey', 'Breeze', 'VP Sales', NULL, 0, '(553) 332-3542', '(855) 619-6414', '(355) 222-0380', NULL, NULL, '1715 Scott Dr', 'San Francisco', 'NY', '94590', 'USA', NULL, NULL, NULL, NULL, NULL, NULL, NULL, 'Self Generated', NULL, NULL, NULL);
INSERT INTO contacts (id, date_entered, date_modified, modified_user_id, created_by, description, deleted, assigned_user_id, salutation, first_name, last_name, title, department, do_not_call, phone_home, phone_mobile, phone_work, phone_other, phone_fax, primary_address_street, primary_address_city, primary_address_state, primary_address_postalcode, primary_address_country, alt_address_street, alt_address_city, alt_address_state, alt_address_postalcode, alt_address_country, assistant, assistant_phone, lead_source, reports_to_id, birthdate, campaign_id) VALUES('449c6477-daba-9ce7-8384-546f0b1d9222', '2014-11-21 09:53:39', '2014-11-21 09:53:39', '1', '1', NULL, 0, 'seed_chris_id', NULL, 'Judson', 'Betty', 'Director Sales', NULL, 0, '(125) 965-4680', '(403) 142-4076', '(644) 595-1503', NULL, NULL, '9 IBM Path', 'Sunnyvale', 'NY', '76420', 'USA', NULL, NULL, NULL, NULL, NULL, NULL, NULL, 'Conference', NULL, NULL, NULL);
INSERT INTO contacts (id, date_entered, date_modified, modified_user_id, created_by, description, deleted, assigned_user_id, salutation, first_name, last_name, title, department, do_not_call, phone_home, phone_mobile, phone_work, phone_other, phone_fax, primary_address_street, primary_address_city, primary_address_state, primary_address_postalcode, primary_address_country, alt_address_street, alt_address_city, alt_address_state, alt_address_postalcode, alt_address_country, assistant, assistant_phone, lead_source, reports_to_id, birthdate, campaign_id) VALUES('462ea54c-17f9-f9e3-2b42-546f0ba20699', '2014-11-21 09:53:39', '2014-11-21 09:53:39', '1', '1', NULL, 0, 'seed_will_id', NULL, 'Theodore', 'Mazzeo', 'IT Developer', NULL, 0, '(607) 991-4202', '(095) 922-3633', '(156) 135-0234', NULL, NULL, '123 Anywhere Street', 'Persistance', 'NY', '85257', 'USA', NULL, NULL, NULL, NULL, NULL, NULL, NULL, 'Web Site', NULL, NULL, NULL);
INSERT INTO contacts (id, date_entered, date_modified, modified_user_id, created_by, description, deleted, assigned_user_id, salutation, first_name, last_name, title, department, do_not_call, phone_home, phone_mobile, phone_work, phone_other, phone_fax, primary_address_street, primary_address_city, primary_address_state, primary_address_postalcode, primary_address_country, alt_address_street, alt_address_city, alt_address_state, alt_address_postalcode, alt_address_country, assistant, assistant_phone, lead_source, reports_to_id, birthdate, campaign_id) VALUES('46fbde79-2db8-e1ea-ecdb-546f0be5e73f', '2014-11-21 09:53:39', '2014-11-21 09:53:39', '1', '1', NULL, 0, 'seed_will_id', NULL, 'Alfonso', 'Leonardo', 'VP Operations', NULL, 0, '(872) 278-2153', '(076) 096-3860', '(321) 332-7714', NULL, NULL, '123 Anywhere Street', 'San Jose', 'NY', '33379', 'USA', NULL, NULL, NULL, NULL, NULL, NULL, NULL, 'Direct Mail', NULL, NULL, NULL);
INSERT INTO contacts (id, date_entered, date_modified, modified_user_id, created_by, description, deleted, assigned_user_id, salutation, first_name, last_name, title, department, do_not_call, phone_home, phone_mobile, phone_work, phone_other, phone_fax, primary_address_street, primary_address_city, primary_address_state, primary_address_postalcode, primary_address_country, alt_address_street, alt_address_city, alt_address_state, alt_address_postalcode, alt_address_country, assistant, assistant_phone, lead_source, reports_to_id, birthdate, campaign_id) VALUES('47a0e32c-d1de-dc5f-68db-546f0b234f67', '2014-11-21 09:53:39', '2014-11-21 09:53:39', '1', '1', NULL, 0, 'seed_sally_id', NULL, 'Alice', 'Kinzer', 'VP Sales', NULL, 0, '(342) 272-3210', '(464) 210-3532', '(825) 647-2810', NULL, NULL, '345 Sugar Blvd.', 'Cupertino', 'CA', '68970', 'USA', NULL, NULL, NULL, NULL, NULL, NULL, NULL, 'Partner', NULL, NULL, NULL);
INSERT INTO contacts (id, date_entered, date_modified, modified_user_id, created_by, description, deleted, assigned_user_id, salutation, first_name, last_name, title, department, do_not_call, phone_home, phone_mobile, phone_work, phone_other, phone_fax, primary_address_street, primary_address_city, primary_address_state, primary_address_postalcode, primary_address_country, alt_address_street, alt_address_city, alt_address_state, alt_address_postalcode, alt_address_country, assistant, assistant_phone, lead_source, reports_to_id, birthdate, campaign_id) VALUES('49396bec-2b6b-56e9-fbcd-546f0b2eff28', '2014-11-21 09:53:39', '2014-11-21 09:53:39', '1', '1', NULL, 0, 'seed_chris_id', NULL, 'Jack', 'Hawthorn', 'IT Developer', NULL, 0, '(623) 772-5056', '(903) 427-3597', '(939) 921-8512', NULL, NULL, '999 Baker Way', 'San Mateo', 'NY', '17733', 'USA', NULL, NULL, NULL, NULL, NULL, NULL, NULL, 'Direct Mail', NULL, NULL, NULL);
INSERT INTO contacts (id, date_entered, date_modified, modified_user_id, created_by, description, deleted, assigned_user_id, salutation, first_name, last_name, title, department, do_not_call, phone_home, phone_mobile, phone_work, phone_other, phone_fax, primary_address_street, primary_address_city, primary_address_state, primary_address_postalcode, primary_address_country, alt_address_street, alt_address_city, alt_address_state, alt_address_postalcode, alt_address_country, assistant, assistant_phone, lead_source, reports_to_id, birthdate, campaign_id) VALUES('4b1ef731-119d-0000-7d3c-546f0bcfd12c', '2014-11-21 09:53:39', '2014-11-21 09:53:39', '1', '1', NULL, 0, 'seed_sarah_id', NULL, 'Brett', 'Galbreath', 'President', NULL, 0, '(267) 760-5662', '(201) 886-7954', '(593) 683-4086', NULL, NULL, '321 University Ave.', 'San Jose', 'CA', '33106', 'USA', NULL, NULL, NULL, NULL, NULL, NULL, NULL, 'Campaign', NULL, NULL, NULL);
INSERT INTO contacts (id, date_entered, date_modified, modified_user_id, created_by, description, deleted, assigned_user_id, salutation, first_name, last_name, title, department, do_not_call, phone_home, phone_mobile, phone_work, phone_other, phone_fax, primary_address_street, primary_address_city, primary_address_state, primary_address_postalcode, primary_address_country, alt_address_street, alt_address_city, alt_address_state, alt_address_postalcode, alt_address_country, assistant, assistant_phone, lead_source, reports_to_id, birthdate, campaign_id) VALUES('4bca01d2-3075-3374-ddfe-546f0b2d364b', '2014-11-21 09:53:39', '2014-11-21 09:53:39', '1', '1', NULL, 0, 'seed_sally_id', NULL, 'Tracie', 'Beam', 'IT Developer', NULL, 0, '(328) 882-7872', '(285) 785-8120', '(857) 994-1662', NULL, NULL, '9 IBM Path', 'Ohio', 'CA', '21100', 'USA', NULL, NULL, NULL, NULL, NULL, NULL, NULL, 'Public Relations', NULL, NULL, NULL);
INSERT INTO contacts (id, date_entered, date_modified, modified_user_id, created_by, description, deleted, assigned_user_id, salutation, first_name, last_name, title, department, do_not_call, phone_home, phone_mobile, phone_work, phone_other, phone_fax, primary_address_street, primary_address_city, primary_address_state, primary_address_postalcode, primary_address_country, alt_address_street, alt_address_city, alt_address_state, alt_address_postalcode, alt_address_country, assistant, assistant_phone, lead_source, reports_to_id, birthdate, campaign_id) VALUES('4bce9536-850e-6691-08c1-546f0b65f504', '2014-11-21 09:53:39', '2014-11-21 09:53:39', '1', '1', NULL, 0, 'seed_sally_id', NULL, 'Rhonda', 'Motta', 'President', NULL, 0, '(824) 886-2465', '(829) 855-2141', '(053) 498-9765', NULL, NULL, '123 Anywhere Street', 'Santa Monica', 'CA', '75939', 'USA', NULL, NULL, NULL, NULL, NULL, NULL, NULL, 'Trade Show', NULL, NULL, NULL);
INSERT INTO contacts (id, date_entered, date_modified, modified_user_id, created_by, description, deleted, assigned_user_id, salutation, first_name, last_name, title, department, do_not_call, phone_home, phone_mobile, phone_work, phone_other, phone_fax, primary_address_street, primary_address_city, primary_address_state, primary_address_postalcode, primary_address_country, alt_address_street, alt_address_city, alt_address_state, alt_address_postalcode, alt_address_country, assistant, assistant_phone, lead_source, reports_to_id, birthdate, campaign_id) VALUES('4c7e1df0-a959-bddc-8bc1-546f0b13d701', '2014-11-21 09:53:39', '2014-11-21 09:53:39', '1', '1', NULL, 0, 'seed_will_id', NULL, 'Antonio', 'Lapoint', 'Director Sales', NULL, 0, '(264) 218-2802', '(073) 227-9458', '(686) 404-0240', NULL, NULL, '111 Silicon Valley Road', 'San Jose', 'NY', '88932', 'USA', NULL, NULL, NULL, NULL, NULL, NULL, NULL, 'Campaign', NULL, NULL, NULL);
INSERT INTO contacts (id, date_entered, date_modified, modified_user_id, created_by, description, deleted, assigned_user_id, salutation, first_name, last_name, title, department, do_not_call, phone_home, phone_mobile, phone_work, phone_other, phone_fax, primary_address_street, primary_address_city, primary_address_state, primary_address_postalcode, primary_address_country, alt_address_street, alt_address_city, alt_address_state, alt_address_postalcode, alt_address_country, assistant, assistant_phone, lead_source, reports_to_id, birthdate, campaign_id) VALUES('4d543f5c-72e8-7ed9-e143-546f0b7f5e64', '2014-11-21 09:53:39', '2014-11-21 09:53:39', '1', '1', NULL, 0, 'seed_max_id', NULL, 'Carson', 'Bowler', 'Director Operations', NULL, 0, '(463) 523-7801', '(563) 784-7904', '(860) 109-5535', NULL, NULL, '111 Silicon Valley Road', 'Salt Lake City', 'CA', '43868', 'USA', NULL, NULL, NULL, NULL, NULL, NULL, NULL, 'Public Relations', NULL, NULL, NULL);
INSERT INTO contacts (id, date_entered, date_modified, modified_user_id, created_by, description, deleted, assigned_user_id, salutation, first_name, last_name, title, department, do_not_call, phone_home, phone_mobile, phone_work, phone_other, phone_fax, primary_address_street, primary_address_city, primary_address_state, primary_address_postalcode, primary_address_country, alt_address_street, alt_address_city, alt_address_state, alt_address_postalcode, alt_address_country, assistant, assistant_phone, lead_source, reports_to_id, birthdate, campaign_id) VALUES('4df5faa0-5f94-1e38-ed0d-546f0b3a8d61', '2014-11-21 09:53:39', '2014-11-21 09:53:39', '1', '1', NULL, 0, 'seed_max_id', NULL, 'Morgan', 'Boutwell', 'IT Developer', NULL, 0, '(220) 744-9573', '(027) 648-2419', '(064) 283-0766', NULL, NULL, '1715 Scott Dr', 'Santa Fe', 'CA', '25536', 'USA', NULL, NULL, NULL, NULL, NULL, NULL, NULL, 'Web Site', NULL, NULL, NULL);
INSERT INTO contacts (id, date_entered, date_modified, modified_user_id, created_by, description, deleted, assigned_user_id, salutation, first_name, last_name, title, department, do_not_call, phone_home, phone_mobile, phone_work, phone_other, phone_fax, primary_address_street, primary_address_city, primary_address_state, primary_address_postalcode, primary_address_country, alt_address_street, alt_address_city, alt_address_state, alt_address_postalcode, alt_address_country, assistant, assistant_phone, lead_source, reports_to_id, birthdate, campaign_id) VALUES('50e09289-b8a8-06cd-f658-546f0b7d548f', '2014-11-21 09:53:39', '2014-11-21 09:53:39', '1', '1', NULL, 0, 'seed_max_id', NULL, 'Henrietta', 'Grays', 'Director Operations', NULL, 0, '(105) 515-0983', '(067) 126-5283', '(255) 738-3270', NULL, NULL, '321 University Ave.', 'Santa Monica', 'CA', '64842', 'USA', NULL, NULL, NULL, NULL, NULL, NULL, NULL, '', NULL, NULL, NULL);
INSERT INTO contacts (id, date_entered, date_modified, modified_user_id, created_by, description, deleted, assigned_user_id, salutation, first_name, last_name, title, department, do_not_call, phone_home, phone_mobile, phone_work, phone_other, phone_fax, primary_address_street, primary_address_city, primary_address_state, primary_address_postalcode, primary_address_country, alt_address_street, alt_address_city, alt_address_state, alt_address_postalcode, alt_address_country, assistant, assistant_phone, lead_source, reports_to_id, birthdate, campaign_id) VALUES('5203ac3d-6456-5068-2aaf-546f0b3719bb', '2014-11-21 09:53:39', '2014-11-21 09:53:39', '1', '1', NULL, 0, 'seed_max_id', NULL, 'Geri', 'Summer', 'IT Developer', NULL, 0, '(725) 895-8783', '(868) 727-8536', '(646) 226-7752', NULL, NULL, '999 Baker Way', 'Cupertino', 'CA', '22722', 'USA', NULL, NULL, NULL, NULL, NULL, NULL, NULL, 'Employee', NULL, NULL, NULL);
INSERT INTO contacts (id, date_entered, date_modified, modified_user_id, created_by, description, deleted, assigned_user_id, salutation, first_name, last_name, title, department, do_not_call, phone_home, phone_mobile, phone_work, phone_other, phone_fax, primary_address_street, primary_address_city, primary_address_state, primary_address_postalcode, primary_address_country, alt_address_street, alt_address_city, alt_address_state, alt_address_postalcode, alt_address_country, assistant, assistant_phone, lead_source, reports_to_id, birthdate, campaign_id) VALUES('5357bfbe-5f3d-f8ce-2b43-546f0b6df912', '2014-11-21 09:53:39', '2014-11-21 09:53:39', '1', '1', NULL, 0, 'seed_max_id', NULL, 'Suzette', 'Cowans', 'VP Sales', NULL, 0, '(514) 299-5629', '(325) 952-1382', '(379) 367-5869', NULL, NULL, '1715 Scott Dr', 'Persistance', 'CA', '84780', 'USA', NULL, NULL, NULL, NULL, NULL, NULL, NULL, 'Email', NULL, NULL, NULL);
INSERT INTO contacts (id, date_entered, date_modified, modified_user_id, created_by, description, deleted, assigned_user_id, salutation, first_name, last_name, title, department, do_not_call, phone_home, phone_mobile, phone_work, phone_other, phone_fax, primary_address_street, primary_address_city, primary_address_state, primary_address_postalcode, primary_address_country, alt_address_street, alt_address_city, alt_address_state, alt_address_postalcode, alt_address_country, assistant, assistant_phone, lead_source, reports_to_id, birthdate, campaign_id) VALUES('55d09d2d-096c-e433-b263-546f0bf70b1b', '2014-11-21 09:53:39', '2014-11-21 09:53:39', '1', '1', NULL, 0, 'seed_max_id', NULL, 'Emory', 'Solis', 'VP Operations', NULL, 0, '(901) 222-9661', '(804) 343-1511', '(799) 952-0759', NULL, NULL, '9 IBM Path', 'Ohio', 'CA', '89551', 'USA', NULL, NULL, NULL, NULL, NULL, NULL, NULL, 'Campaign', NULL, NULL, NULL);
INSERT INTO contacts (id, date_entered, date_modified, modified_user_id, created_by, description, deleted, assigned_user_id, salutation, first_name, last_name, title, department, do_not_call, phone_home, phone_mobile, phone_work, phone_other, phone_fax, primary_address_street, primary_address_city, primary_address_state, primary_address_postalcode, primary_address_country, alt_address_street, alt_address_city, alt_address_state, alt_address_postalcode, alt_address_country, assistant, assistant_phone, lead_source, reports_to_id, birthdate, campaign_id) VALUES('567b04ae-e14a-d7f7-8f77-546f0b983cdb', '2014-11-21 09:53:39', '2014-11-21 09:53:39', '1', '1', NULL, 0, 'seed_max_id', NULL, 'Tracey', 'Keffer', 'President', NULL, 0, '(093) 661-1823', '(103) 686-3996', '(754) 455-4414', NULL, NULL, '48920 San Carlos Ave', 'Santa Fe', 'CA', '92463', 'USA', NULL, NULL, NULL, NULL, NULL, NULL, NULL, 'Campaign', NULL, NULL, NULL);
INSERT INTO contacts (id, date_entered, date_modified, modified_user_id, created_by, description, deleted, assigned_user_id, salutation, first_name, last_name, title, department, do_not_call, phone_home, phone_mobile, phone_work, phone_other, phone_fax, primary_address_street, primary_address_city, primary_address_state, primary_address_postalcode, primary_address_country, alt_address_street, alt_address_city, alt_address_state, alt_address_postalcode, alt_address_country, assistant, assistant_phone, lead_source, reports_to_id, birthdate, campaign_id) VALUES('56985db2-71e8-c8d0-48d5-546f0b720537', '2014-11-21 09:53:39', '2014-11-21 09:53:39', '1', '1', NULL, 0, 'seed_max_id', NULL, 'Patricia', 'Hargis', 'Senior Product Manager', NULL, 0, '(710) 775-2890', '(618) 172-9470', '(109) 546-9574', NULL, NULL, '321 University Ave.', 'Los Angeles', 'CA', '88087', 'USA', NULL, NULL, NULL, NULL, NULL, NULL, NULL, 'Trade Show', NULL, NULL, NULL);
INSERT INTO contacts (id, date_entered, date_modified, modified_user_id, created_by, description, deleted, assigned_user_id, salutation, first_name, last_name, title, department, do_not_call, phone_home, phone_mobile, phone_work, phone_other, phone_fax, primary_address_street, primary_address_city, primary_address_state, primary_address_postalcode, primary_address_country, alt_address_street, alt_address_city, alt_address_state, alt_address_postalcode, alt_address_country, assistant, assistant_phone, lead_source, reports_to_id, birthdate, campaign_id) VALUES('56cc23dd-eaf0-4ff3-e71e-546f0b183f5f', '2014-11-21 09:53:39', '2014-11-21 09:53:39', '1', '1', NULL, 0, 'seed_max_id', NULL, 'Nigel', 'Southwick', 'Director Sales', NULL, 0, '(197) 530-0318', '(024) 544-1680', '(628) 724-5953', NULL, NULL, '111 Silicon Valley Road', 'San Francisco', 'CA', '76770', 'USA', NULL, NULL, NULL, NULL, NULL, NULL, NULL, 'Existing Customer', NULL, NULL, NULL);
INSERT INTO contacts (id, date_entered, date_modified, modified_user_id, created_by, description, deleted, assigned_user_id, salutation, first_name, last_name, title, department, do_not_call, phone_home, phone_mobile, phone_work, phone_other, phone_fax, primary_address_street, primary_address_city, primary_address_state, primary_address_postalcode, primary_address_country, alt_address_street, alt_address_city, alt_address_state, alt_address_postalcode, alt_address_country, assistant, assistant_phone, lead_source, reports_to_id, birthdate, campaign_id) VALUES('58b65a85-f752-b0d4-b215-546f0b6259ea', '2014-11-21 09:53:39', '2014-11-21 09:53:39', '1', '1', NULL, 0, 'seed_will_id', NULL, 'Arron', 'Mckain', 'President', NULL, 0, '(367) 380-1387', '(298) 756-7378', '(002) 147-4133', NULL, NULL, '777 West Filmore Ln', 'San Mateo', 'NY', '19929', 'USA', NULL, NULL, NULL, NULL, NULL, NULL, NULL, 'Direct Mail', NULL, NULL, NULL);
INSERT INTO contacts (id, date_entered, date_modified, modified_user_id, created_by, description, deleted, assigned_user_id, salutation, first_name, last_name, title, department, do_not_call, phone_home, phone_mobile, phone_work, phone_other, phone_fax, primary_address_street, primary_address_city, primary_address_state, primary_address_postalcode, primary_address_country, alt_address_street, alt_address_city, alt_address_state, alt_address_postalcode, alt_address_country, assistant, assistant_phone, lead_source, reports_to_id, birthdate, campaign_id) VALUES('5aa4d229-dea5-5e4f-d88c-546f0b122948', '2014-11-21 09:53:39', '2014-11-21 09:53:39', '1', '1', NULL, 0, 'seed_max_id', NULL, 'Elisa', 'Ditch', 'Senior Product Manager', NULL, 0, '(181) 386-6564', '(432) 071-3905', '(480) 127-2508', NULL, NULL, '9 IBM Path', 'Persistance', 'CA', '90071', 'USA', NULL, NULL, NULL, NULL, NULL, NULL, NULL, 'Word of mouth', NULL, NULL, NULL);
INSERT INTO contacts (id, date_entered, date_modified, modified_user_id, created_by, description, deleted, assigned_user_id, salutation, first_name, last_name, title, department, do_not_call, phone_home, phone_mobile, phone_work, phone_other, phone_fax, primary_address_street, primary_address_city, primary_address_state, primary_address_postalcode, primary_address_country, alt_address_street, alt_address_city, alt_address_state, alt_address_postalcode, alt_address_country, assistant, assistant_phone, lead_source, reports_to_id, birthdate, campaign_id) VALUES('5b7d44bd-fc5c-9d6a-50fd-546f0bcb9e11', '2014-11-21 09:53:39', '2014-11-21 09:53:39', '1', '1', NULL, 0, 'seed_will_id', NULL, 'Darron', 'Biggers', 'Mgr Operations', NULL, 0, '(415) 569-0981', '(974) 909-8235', '(169) 879-3380', NULL, NULL, '999 Baker Way', 'San Jose', 'NY', '46915', 'USA', NULL, NULL, NULL, NULL, NULL, NULL, NULL, 'Public Relations', NULL, NULL, NULL);
INSERT INTO contacts (id, date_entered, date_modified, modified_user_id, created_by, description, deleted, assigned_user_id, salutation, first_name, last_name, title, department, do_not_call, phone_home, phone_mobile, phone_work, phone_other, phone_fax, primary_address_street, primary_address_city, primary_address_state, primary_address_postalcode, primary_address_country, alt_address_street, alt_address_city, alt_address_state, alt_address_postalcode, alt_address_country, assistant, assistant_phone, lead_source, reports_to_id, birthdate, campaign_id) VALUES('5c3148d7-15ad-6054-19ba-546f0b233134', '2014-11-21 09:53:39', '2014-11-21 09:53:39', '1', '1', NULL, 0, 'seed_chris_id', NULL, 'Rayford', 'Musso', 'Senior Product Manager', NULL, 0, '(878) 248-1938', '(870) 652-9204', '(318) 053-6313', NULL, NULL, '48920 San Carlos Ave', 'San Francisco', 'NY', '84263', 'USA', NULL, NULL, NULL, NULL, NULL, NULL, NULL, '', NULL, NULL, NULL);
INSERT INTO contacts (id, date_entered, date_modified, modified_user_id, created_by, description, deleted, assigned_user_id, salutation, first_name, last_name, title, department, do_not_call, phone_home, phone_mobile, phone_work, phone_other, phone_fax, primary_address_street, primary_address_city, primary_address_state, primary_address_postalcode, primary_address_country, alt_address_street, alt_address_city, alt_address_state, alt_address_postalcode, alt_address_country, assistant, assistant_phone, lead_source, reports_to_id, birthdate, campaign_id) VALUES('5ead10d0-77c5-a688-d254-546f0bcfd024', '2014-11-21 09:53:39', '2014-11-21 09:53:39', '1', '1', NULL, 0, 'seed_max_id', NULL, 'Della', 'Doolittle', 'Director Operations', NULL, 0, '(274) 763-8675', '(623) 096-9316', '(000) 883-2905', NULL, NULL, '9 IBM Path', 'Alabama', 'CA', '41121', 'USA', NULL, NULL, NULL, NULL, NULL, NULL, NULL, 'Conference', NULL, NULL, NULL);
INSERT INTO contacts (id, date_entered, date_modified, modified_user_id, created_by, description, deleted, assigned_user_id, salutation, first_name, last_name, title, department, do_not_call, phone_home, phone_mobile, phone_work, phone_other, phone_fax, primary_address_street, primary_address_city, primary_address_state, primary_address_postalcode, primary_address_country, alt_address_street, alt_address_city, alt_address_state, alt_address_postalcode, alt_address_country, assistant, assistant_phone, lead_source, reports_to_id, birthdate, campaign_id) VALUES('5eb0d71d-3eaf-e5c8-4366-546f0be34910', '2014-11-21 09:53:39', '2014-11-21 09:53:39', '1', '1', NULL, 0, 'seed_max_id', NULL, 'Randell', 'Billings', 'VP Sales', NULL, 0, '(746) 041-3115', '(654) 817-7416', '(283) 325-2714', NULL, NULL, '777 West Filmore Ln', 'Sunnyvale', 'CA', '16960', 'USA', NULL, NULL, NULL, NULL, NULL, NULL, NULL, 'Campaign', NULL, NULL, NULL);
INSERT INTO contacts (id, date_entered, date_modified, modified_user_id, created_by, description, deleted, assigned_user_id, salutation, first_name, last_name, title, department, do_not_call, phone_home, phone_mobile, phone_work, phone_other, phone_fax, primary_address_street, primary_address_city, primary_address_state, primary_address_postalcode, primary_address_country, alt_address_street, alt_address_city, alt_address_state, alt_address_postalcode, alt_address_country, assistant, assistant_phone, lead_source, reports_to_id, birthdate, campaign_id) VALUES('5f6fd344-6153-528e-5596-546f0bebff40', '2014-11-21 09:53:39', '2014-11-21 09:53:39', '1', '1', NULL, 0, 'seed_chris_id', NULL, 'Myron', 'Lamay', 'VP Operations', NULL, 0, '(657) 312-6259', '(989) 878-6768', '(276) 158-1959', NULL, NULL, '67321 West Siam St.', 'Denver', 'NY', '58381', 'USA', NULL, NULL, NULL, NULL, NULL, NULL, NULL, 'Employee', NULL, NULL, NULL);
INSERT INTO contacts (id, date_entered, date_modified, modified_user_id, created_by, description, deleted, assigned_user_id, salutation, first_name, last_name, title, department, do_not_call, phone_home, phone_mobile, phone_work, phone_other, phone_fax, primary_address_street, primary_address_city, primary_address_state, primary_address_postalcode, primary_address_country, alt_address_street, alt_address_city, alt_address_state, alt_address_postalcode, alt_address_country, assistant, assistant_phone, lead_source, reports_to_id, birthdate, campaign_id) VALUES('5fc84325-b30b-6818-5f65-546f0b4cdb32', '2014-11-21 09:53:39', '2014-11-21 09:53:39', '1', '1', NULL, 0, 'seed_will_id', NULL, 'Sam', 'Franko', 'President', NULL, 0, '(336) 164-2463', '(360) 653-6671', '(218) 140-2366', NULL, NULL, '123 Anywhere Street', 'Los Angeles', 'NY', '79610', 'USA', NULL, NULL, NULL, NULL, NULL, NULL, NULL, 'Other', NULL, NULL, NULL);
INSERT INTO contacts (id, date_entered, date_modified, modified_user_id, created_by, description, deleted, assigned_user_id, salutation, first_name, last_name, title, department, do_not_call, phone_home, phone_mobile, phone_work, phone_other, phone_fax, primary_address_street, primary_address_city, primary_address_state, primary_address_postalcode, primary_address_country, alt_address_street, alt_address_city, alt_address_state, alt_address_postalcode, alt_address_country, assistant, assistant_phone, lead_source, reports_to_id, birthdate, campaign_id) VALUES('60be8d2b-26d5-5f01-b22a-546f0bfa4368', '2014-11-21 09:53:39', '2014-11-21 09:53:39', '1', '1', NULL, 0, 'seed_sally_id', NULL, 'Alton', 'Fischer', 'VP Operations', NULL, 0, '(407) 635-4663', '(676) 395-8216', '(905) 409-0734', NULL, NULL, '123 Anywhere Street', 'Cupertino', 'CA', '78534', 'USA', NULL, NULL, NULL, NULL, NULL, NULL, NULL, 'Public Relations', NULL, NULL, NULL);
INSERT INTO contacts (id, date_entered, date_modified, modified_user_id, created_by, description, deleted, assigned_user_id, salutation, first_name, last_name, title, department, do_not_call, phone_home, phone_mobile, phone_work, phone_other, phone_fax, primary_address_street, primary_address_city, primary_address_state, primary_address_postalcode, primary_address_country, alt_address_street, alt_address_city, alt_address_state, alt_address_postalcode, alt_address_country, assistant, assistant_phone, lead_source, reports_to_id, birthdate, campaign_id) VALUES('631dffa8-267c-e7ee-45ae-546f0b55e15e', '2014-11-21 09:53:39', '2014-11-21 09:53:39', '1', '1', NULL, 0, 'seed_chris_id', NULL, 'William', 'Eslinger', 'IT Developer', NULL, 0, '(703) 180-9810', '(340) 890-0141', '(660) 491-0359', NULL, NULL, '1715 Scott Dr', 'Los Angeles', 'NY', '50370', 'USA', NULL, NULL, NULL, NULL, NULL, NULL, NULL, 'Conference', NULL, NULL, NULL);
INSERT INTO contacts (id, date_entered, date_modified, modified_user_id, created_by, description, deleted, assigned_user_id, salutation, first_name, last_name, title, department, do_not_call, phone_home, phone_mobile, phone_work, phone_other, phone_fax, primary_address_street, primary_address_city, primary_address_state, primary_address_postalcode, primary_address_country, alt_address_street, alt_address_city, alt_address_state, alt_address_postalcode, alt_address_country, assistant, assistant_phone, lead_source, reports_to_id, birthdate, campaign_id) VALUES('63694c6b-3e78-bad4-0610-546f0b1917ac', '2014-11-21 09:53:39', '2014-11-21 09:53:39', '1', '1', NULL, 0, 'seed_sally_id', NULL, 'Fritz', 'Huss', 'Director Sales', NULL, 0, '(903) 078-8250', '(121) 410-7631', '(673) 197-8189', NULL, NULL, '345 Sugar Blvd.', 'San Jose', 'CA', '16780', 'USA', NULL, NULL, NULL, NULL, NULL, NULL, NULL, 'Employee', NULL, NULL, NULL);
INSERT INTO contacts (id, date_entered, date_modified, modified_user_id, created_by, description, deleted, assigned_user_id, salutation, first_name, last_name, title, department, do_not_call, phone_home, phone_mobile, phone_work, phone_other, phone_fax, primary_address_street, primary_address_city, primary_address_state, primary_address_postalcode, primary_address_country, alt_address_street, alt_address_city, alt_address_state, alt_address_postalcode, alt_address_country, assistant, assistant_phone, lead_source, reports_to_id, birthdate, campaign_id) VALUES('646f3fd9-c6d9-436b-5458-546f0b0ed56f', '2014-11-21 09:53:39', '2014-11-21 09:53:39', '1', '1', NULL, 0, 'seed_sally_id', NULL, 'Abby', 'Kahle', 'Senior Product Manager', NULL, 0, '(643) 535-6076', '(920) 323-1835', '(344) 204-9834', NULL, NULL, '48920 San Carlos Ave', 'St. Petersburg', 'CA', '10233', 'USA', NULL, NULL, NULL, NULL, NULL, NULL, NULL, 'Public Relations', NULL, NULL, NULL);
INSERT INTO contacts (id, date_entered, date_modified, modified_user_id, created_by, description, deleted, assigned_user_id, salutation, first_name, last_name, title, department, do_not_call, phone_home, phone_mobile, phone_work, phone_other, phone_fax, primary_address_street, primary_address_city, primary_address_state, primary_address_postalcode, primary_address_country, alt_address_street, alt_address_city, alt_address_state, alt_address_postalcode, alt_address_country, assistant, assistant_phone, lead_source, reports_to_id, birthdate, campaign_id) VALUES('662d77a5-e046-a05b-a6c7-546f0b5f8e86', '2014-11-21 09:53:39', '2014-11-21 09:53:39', '1', '1', NULL, 0, 'seed_max_id', NULL, 'Humberto', 'Robinette', 'Director Operations', NULL, 0, '(320) 372-3559', '(141) 995-1329', '(283) 598-8266', NULL, NULL, '9 IBM Path', 'Santa Fe', 'CA', '65686', 'USA', NULL, NULL, NULL, NULL, NULL, NULL, NULL, 'Other', NULL, NULL, NULL);
INSERT INTO contacts (id, date_entered, date_modified, modified_user_id, created_by, description, deleted, assigned_user_id, salutation, first_name, last_name, title, department, do_not_call, phone_home, phone_mobile, phone_work, phone_other, phone_fax, primary_address_street, primary_address_city, primary_address_state, primary_address_postalcode, primary_address_country, alt_address_street, alt_address_city, alt_address_state, alt_address_postalcode, alt_address_country, assistant, assistant_phone, lead_source, reports_to_id, birthdate, campaign_id) VALUES('66e8e7c7-836b-eb72-0f9b-546f0bd22c0f', '2014-11-21 09:53:39', '2014-11-21 09:53:39', '1', '1', NULL, 0, 'seed_max_id', NULL, 'Vern', 'Higuchi', 'Mgr Operations', NULL, 0, '(000) 292-7159', '(593) 050-1650', '(897) 188-3428', NULL, NULL, '123 Anywhere Street', 'Los Angeles', 'CA', '89503', 'USA', NULL, NULL, NULL, NULL, NULL, NULL, NULL, 'Other', NULL, NULL, NULL);
INSERT INTO contacts (id, date_entered, date_modified, modified_user_id, created_by, description, deleted, assigned_user_id, salutation, first_name, last_name, title, department, do_not_call, phone_home, phone_mobile, phone_work, phone_other, phone_fax, primary_address_street, primary_address_city, primary_address_state, primary_address_postalcode, primary_address_country, alt_address_street, alt_address_city, alt_address_state, alt_address_postalcode, alt_address_country, assistant, assistant_phone, lead_source, reports_to_id, birthdate, campaign_id) VALUES('674c2c81-f42d-431d-0805-546f0bcbb3c4', '2014-11-21 09:53:39', '2014-11-21 09:53:39', '1', '1', NULL, 0, 'seed_sarah_id', NULL, 'Eliza', 'Wellington', 'President', NULL, 0, '(415) 694-5458', '(330) 255-5138', '(652) 740-4537', NULL, NULL, '123 Anywhere Street', 'Ohio', 'CA', '42839', 'USA', NULL, NULL, NULL, NULL, NULL, NULL, NULL, 'Other', NULL, NULL, NULL);
INSERT INTO contacts (id, date_entered, date_modified, modified_user_id, created_by, description, deleted, assigned_user_id, salutation, first_name, last_name, title, department, do_not_call, phone_home, phone_mobile, phone_work, phone_other, phone_fax, primary_address_street, primary_address_city, primary_address_state, primary_address_postalcode, primary_address_country, alt_address_street, alt_address_city, alt_address_state, alt_address_postalcode, alt_address_country, assistant, assistant_phone, lead_source, reports_to_id, birthdate, campaign_id) VALUES('68c50780-c40e-a277-56ea-546f0bcf9099', '2014-11-21 09:53:39', '2014-11-21 09:53:39', '1', '1', NULL, 0, 'seed_sally_id', NULL, 'Courtney', 'Vital', 'Mgr Operations', NULL, 0, '(238) 843-7355', '(526) 952-6101', '(464) 835-0271', NULL, NULL, '321 University Ave.', 'Santa Fe', 'CA', '62054', 'USA', NULL, NULL, NULL, NULL, NULL, NULL, NULL, 'Word of mouth', NULL, NULL, NULL);
INSERT INTO contacts (id, date_entered, date_modified, modified_user_id, created_by, description, deleted, assigned_user_id, salutation, first_name, last_name, title, department, do_not_call, phone_home, phone_mobile, phone_work, phone_other, phone_fax, primary_address_street, primary_address_city, primary_address_state, primary_address_postalcode, primary_address_country, alt_address_street, alt_address_city, alt_address_state, alt_address_postalcode, alt_address_country, assistant, assistant_phone, lead_source, reports_to_id, birthdate, campaign_id) VALUES('68f63f3b-63b8-113d-bb6d-546f0b0b0f33', '2014-11-21 09:53:39', '2014-11-21 09:53:39', '1', '1', NULL, 0, 'seed_chris_id', NULL, 'Georgina', 'Walt', 'Mgr Operations', NULL, 0, '(441) 592-8097', '(617) 516-5882', '(058) 852-1959', NULL, NULL, '999 Baker Way', 'Salt Lake City', 'NY', '32986', 'USA', NULL, NULL, NULL, NULL, NULL, NULL, NULL, 'Campaign', NULL, NULL, NULL);
INSERT INTO contacts (id, date_entered, date_modified, modified_user_id, created_by, description, deleted, assigned_user_id, salutation, first_name, last_name, title, department, do_not_call, phone_home, phone_mobile, phone_work, phone_other, phone_fax, primary_address_street, primary_address_city, primary_address_state, primary_address_postalcode, primary_address_country, alt_address_street, alt_address_city, alt_address_state, alt_address_postalcode, alt_address_country, assistant, assistant_phone, lead_source, reports_to_id, birthdate, campaign_id) VALUES('6c3a1349-470a-1041-046b-546f0bf3ed8f', '2014-11-21 09:53:39', '2014-11-21 09:53:39', '1', '1', NULL, 0, 'seed_chris_id', NULL, 'Donte', 'Creech', 'IT Developer', NULL, 0, '(608) 620-6578', '(781) 775-0653', '(339) 750-8585', NULL, NULL, '67321 West Siam St.', 'Alabama', 'NY', '76623', 'USA', NULL, NULL, NULL, NULL, NULL, NULL, NULL, 'Word of mouth', NULL, NULL, NULL);
INSERT INTO contacts (id, date_entered, date_modified, modified_user_id, created_by, description, deleted, assigned_user_id, salutation, first_name, last_name, title, department, do_not_call, phone_home, phone_mobile, phone_work, phone_other, phone_fax, primary_address_street, primary_address_city, primary_address_state, primary_address_postalcode, primary_address_country, alt_address_street, alt_address_city, alt_address_state, alt_address_postalcode, alt_address_country, assistant, assistant_phone, lead_source, reports_to_id, birthdate, campaign_id) VALUES('6e6cf4ab-c7dd-7757-a63f-546f0b10bcca', '2014-11-21 09:53:39', '2014-11-21 09:53:39', '1', '1', NULL, 0, 'seed_sarah_id', NULL, 'Todd', 'Dodson', 'VP Operations', NULL, 0, '(900) 908-9321', '(247) 235-8471', '(973) 804-9994', NULL, NULL, '48920 San Carlos Ave', 'San Mateo', 'CA', '25287', 'USA', NULL, NULL, NULL, NULL, NULL, NULL, NULL, 'Web Site', NULL, NULL, NULL);
INSERT INTO contacts (id, date_entered, date_modified, modified_user_id, created_by, description, deleted, assigned_user_id, salutation, first_name, last_name, title, department, do_not_call, phone_home, phone_mobile, phone_work, phone_other, phone_fax, primary_address_street, primary_address_city, primary_address_state, primary_address_postalcode, primary_address_country, alt_address_street, alt_address_city, alt_address_state, alt_address_postalcode, alt_address_country, assistant, assistant_phone, lead_source, reports_to_id, birthdate, campaign_id) VALUES('6fd18a65-68a0-1b94-fd77-546f0b4575e0', '2014-11-21 09:53:39', '2014-11-21 09:53:39', '1', '1', NULL, 0, 'seed_max_id', NULL, 'Marco', 'Rucks', 'VP Sales', NULL, 0, '(868) 186-0736', '(190) 458-6272', '(300) 958-4375', NULL, NULL, '111 Silicon Valley Road', 'Persistance', 'CA', '51923', 'USA', NULL, NULL, NULL, NULL, NULL, NULL, NULL, 'Employee', NULL, NULL, NULL);
INSERT INTO contacts (id, date_entered, date_modified, modified_user_id, created_by, description, deleted, assigned_user_id, salutation, first_name, last_name, title, department, do_not_call, phone_home, phone_mobile, phone_work, phone_other, phone_fax, primary_address_street, primary_address_city, primary_address_state, primary_address_postalcode, primary_address_country, alt_address_street, alt_address_city, alt_address_state, alt_address_postalcode, alt_address_country, assistant, assistant_phone, lead_source, reports_to_id, birthdate, campaign_id) VALUES('706f9cd7-b80d-2b78-058e-546f0b910064', '2014-11-21 09:53:39', '2014-11-21 09:53:39', '1', '1', NULL, 0, 'seed_max_id', NULL, 'Miranda', 'Biddle', 'Director Sales', NULL, 0, '(741) 658-2308', '(419) 759-7843', '(597) 750-1600', NULL, NULL, '67321 West Siam St.', 'St. Petersburg', 'CA', '37842', 'USA', NULL, NULL, NULL, NULL, NULL, NULL, NULL, 'Conference', NULL, NULL, NULL);
INSERT INTO contacts (id, date_entered, date_modified, modified_user_id, created_by, description, deleted, assigned_user_id, salutation, first_name, last_name, title, department, do_not_call, phone_home, phone_mobile, phone_work, phone_other, phone_fax, primary_address_street, primary_address_city, primary_address_state, primary_address_postalcode, primary_address_country, alt_address_street, alt_address_city, alt_address_state, alt_address_postalcode, alt_address_country, assistant, assistant_phone, lead_source, reports_to_id, birthdate, campaign_id) VALUES('710f72ba-a717-13f2-3abf-546f0b2822e3', '2014-11-21 09:53:39', '2014-11-21 09:53:39', '1', '1', NULL, 0, 'seed_will_id', NULL, 'Virgil', 'Trudell', 'Director Sales', NULL, 0, '(943) 868-9616', '(467) 624-1819', '(043) 043-9942', NULL, NULL, '321 University Ave.', 'San Jose', 'NY', '35811', 'USA', NULL, NULL, NULL, NULL, NULL, NULL, NULL, 'Existing Customer', NULL, NULL, NULL);
INSERT INTO contacts (id, date_entered, date_modified, modified_user_id, created_by, description, deleted, assigned_user_id, salutation, first_name, last_name, title, department, do_not_call, phone_home, phone_mobile, phone_work, phone_other, phone_fax, primary_address_street, primary_address_city, primary_address_state, primary_address_postalcode, primary_address_country, alt_address_street, alt_address_city, alt_address_state, alt_address_postalcode, alt_address_country, assistant, assistant_phone, lead_source, reports_to_id, birthdate, campaign_id) VALUES('71f31b07-26b7-8783-4779-546f0b9190c1', '2014-11-21 09:53:39', '2014-11-21 09:53:39', '1', '1', NULL, 0, 'seed_max_id', NULL, 'Terrell', 'Rothwell', 'Senior Product Manager', NULL, 0, '(817) 329-2557', '(718) 677-0935', '(897) 168-5627', NULL, NULL, '999 Baker Way', 'Santa Monica', 'CA', '15298', 'USA', NULL, NULL, NULL, NULL, NULL, NULL, NULL, 'Employee', NULL, NULL, NULL);
INSERT INTO contacts (id, date_entered, date_modified, modified_user_id, created_by, description, deleted, assigned_user_id, salutation, first_name, last_name, title, department, do_not_call, phone_home, phone_mobile, phone_work, phone_other, phone_fax, primary_address_street, primary_address_city, primary_address_state, primary_address_postalcode, primary_address_country, alt_address_street, alt_address_city, alt_address_state, alt_address_postalcode, alt_address_country, assistant, assistant_phone, lead_source, reports_to_id, birthdate, campaign_id) VALUES('7254209c-d18d-9ad9-b295-546f0b55d5ac', '2014-11-21 09:53:39', '2014-11-21 09:53:39', '1', '1', NULL, 0, 'seed_will_id', NULL, 'Wes', 'Hammon', 'Mgr Operations', NULL, 0, '(760) 479-0495', '(792) 610-2066', '(392) 230-4545', NULL, NULL, '9 IBM Path', 'Ohio', 'NY', '39575', 'USA', NULL, NULL, NULL, NULL, NULL, NULL, NULL, 'Existing Customer', NULL, NULL, NULL);
INSERT INTO contacts (id, date_entered, date_modified, modified_user_id, created_by, description, deleted, assigned_user_id, salutation, first_name, last_name, title, department, do_not_call, phone_home, phone_mobile, phone_work, phone_other, phone_fax, primary_address_street, primary_address_city, primary_address_state, primary_address_postalcode, primary_address_country, alt_address_street, alt_address_city, alt_address_state, alt_address_postalcode, alt_address_country, assistant, assistant_phone, lead_source, reports_to_id, birthdate, campaign_id) VALUES('7259c857-141b-90be-1291-546f0b857ac1', '2014-11-21 09:53:39', '2014-11-21 09:53:39', '1', '1', NULL, 0, 'seed_sarah_id', NULL, 'Shelton', 'Boese', 'IT Developer', NULL, 0, '(612) 358-7153', '(240) 028-7465', '(316) 668-0116', NULL, NULL, '999 Baker Way', 'Alabama', 'CA', '78680', 'USA', NULL, NULL, NULL, NULL, NULL, NULL, NULL, 'Existing Customer', NULL, NULL, NULL);
INSERT INTO contacts (id, date_entered, date_modified, modified_user_id, created_by, description, deleted, assigned_user_id, salutation, first_name, last_name, title, department, do_not_call, phone_home, phone_mobile, phone_work, phone_other, phone_fax, primary_address_street, primary_address_city, primary_address_state, primary_address_postalcode, primary_address_country, alt_address_street, alt_address_city, alt_address_state, alt_address_postalcode, alt_address_country, assistant, assistant_phone, lead_source, reports_to_id, birthdate, campaign_id) VALUES('728ac421-e312-f0d8-007c-546f0b9d7f59', '2014-11-21 09:53:39', '2014-11-21 09:53:39', '1', '1', NULL, 0, 'seed_sarah_id', NULL, 'Jerrell', 'Levesque', 'Director Operations', NULL, 0, '(031) 512-6674', '(435) 111-2719', '(550) 119-7234', NULL, NULL, '777 West Filmore Ln', 'Los Angeles', 'CA', '16490', 'USA', NULL, NULL, NULL, NULL, NULL, NULL, NULL, 'Self Generated', NULL, NULL, NULL);
INSERT INTO contacts (id, date_entered, date_modified, modified_user_id, created_by, description, deleted, assigned_user_id, salutation, first_name, last_name, title, department, do_not_call, phone_home, phone_mobile, phone_work, phone_other, phone_fax, primary_address_street, primary_address_city, primary_address_state, primary_address_postalcode, primary_address_country, alt_address_street, alt_address_city, alt_address_state, alt_address_postalcode, alt_address_country, assistant, assistant_phone, lead_source, reports_to_id, birthdate, campaign_id) VALUES('72fdb38c-a0fc-c2be-47cb-546f0b554952', '2014-11-21 09:53:39', '2014-11-21 09:53:39', '1', '1', NULL, 0, 'seed_sally_id', NULL, 'Maria', 'Agustin', 'Mgr Operations', NULL, 0, '(428) 444-8070', '(835) 448-0753', '(646) 919-3226', NULL, NULL, '9 IBM Path', 'Salt Lake City', 'CA', '27414', 'USA', NULL, NULL, NULL, NULL, NULL, NULL, NULL, '', NULL, NULL, NULL);
INSERT INTO contacts (id, date_entered, date_modified, modified_user_id, created_by, description, deleted, assigned_user_id, salutation, first_name, last_name, title, department, do_not_call, phone_home, phone_mobile, phone_work, phone_other, phone_fax, primary_address_street, primary_address_city, primary_address_state, primary_address_postalcode, primary_address_country, alt_address_street, alt_address_city, alt_address_state, alt_address_postalcode, alt_address_country, assistant, assistant_phone, lead_source, reports_to_id, birthdate, campaign_id) VALUES('739eb39b-b90c-91d1-8b6f-546f0b7dcf10', '2014-11-21 09:53:39', '2014-11-21 09:53:39', '1', '1', NULL, 0, 'seed_max_id', NULL, 'Peter', 'Seiter', 'Director Sales', NULL, 0, '(127) 409-0810', '(199) 785-1991', '(837) 806-7802', NULL, NULL, '123 Anywhere Street', 'San Francisco', 'CA', '93603', 'USA', NULL, NULL, NULL, NULL, NULL, NULL, NULL, 'Word of mouth', NULL, NULL, NULL);
INSERT INTO contacts (id, date_entered, date_modified, modified_user_id, created_by, description, deleted, assigned_user_id, salutation, first_name, last_name, title, department, do_not_call, phone_home, phone_mobile, phone_work, phone_other, phone_fax, primary_address_street, primary_address_city, primary_address_state, primary_address_postalcode, primary_address_country, alt_address_street, alt_address_city, alt_address_state, alt_address_postalcode, alt_address_country, assistant, assistant_phone, lead_source, reports_to_id, birthdate, campaign_id) VALUES('76322e54-d756-5cf1-c0cc-546f0b500272', '2014-11-21 09:53:39', '2014-11-21 09:53:39', '1', '1', NULL, 0, 'seed_sally_id', NULL, 'Yvette', 'Wen', 'President', NULL, 0, '(388) 612-2614', '(476) 832-1515', '(873) 891-2404', NULL, NULL, '67321 West Siam St.', 'San Jose', 'CA', '47666', 'USA', NULL, NULL, NULL, NULL, NULL, NULL, NULL, 'Web Site', NULL, NULL, NULL);
INSERT INTO contacts (id, date_entered, date_modified, modified_user_id, created_by, description, deleted, assigned_user_id, salutation, first_name, last_name, title, department, do_not_call, phone_home, phone_mobile, phone_work, phone_other, phone_fax, primary_address_street, primary_address_city, primary_address_state, primary_address_postalcode, primary_address_country, alt_address_street, alt_address_city, alt_address_state, alt_address_postalcode, alt_address_country, assistant, assistant_phone, lead_source, reports_to_id, birthdate, campaign_id) VALUES('798e0a25-8740-138a-7357-546f0bb9f13d', '2014-11-21 09:53:39', '2014-11-21 09:53:39', '1', '1', NULL, 0, 'seed_chris_id', NULL, 'Sheryl', 'Goulette', 'IT Developer', NULL, 0, '(744) 090-7186', '(281) 287-8447', '(952) 125-5462', NULL, NULL, '777 West Filmore Ln', 'Cupertino', 'NY', '95593', 'USA', NULL, NULL, NULL, NULL, NULL, NULL, NULL, 'Web Site', NULL, NULL, NULL);
INSERT INTO contacts (id, date_entered, date_modified, modified_user_id, created_by, description, deleted, assigned_user_id, salutation, first_name, last_name, title, department, do_not_call, phone_home, phone_mobile, phone_work, phone_other, phone_fax, primary_address_street, primary_address_city, primary_address_state, primary_address_postalcode, primary_address_country, alt_address_street, alt_address_city, alt_address_state, alt_address_postalcode, alt_address_country, assistant, assistant_phone, lead_source, reports_to_id, birthdate, campaign_id) VALUES('7ab8ca33-b9f5-52cd-b7c0-546f0b6a4e8f', '2014-11-21 09:53:39', '2014-11-21 09:53:39', '1', '1', NULL, 0, 'seed_will_id', NULL, 'Adeline', 'Curiel', 'Director Sales', NULL, 0, '(542) 065-9890', '(547) 891-9813', '(700) 758-9239', NULL, NULL, '321 University Ave.', 'Santa Monica', 'NY', '32439', 'USA', NULL, NULL, NULL, NULL, NULL, NULL, NULL, 'Public Relations', NULL, NULL, NULL);
INSERT INTO contacts (id, date_entered, date_modified, modified_user_id, created_by, description, deleted, assigned_user_id, salutation, first_name, last_name, title, department, do_not_call, phone_home, phone_mobile, phone_work, phone_other, phone_fax, primary_address_street, primary_address_city, primary_address_state, primary_address_postalcode, primary_address_country, alt_address_street, alt_address_city, alt_address_state, alt_address_postalcode, alt_address_country, assistant, assistant_phone, lead_source, reports_to_id, birthdate, campaign_id) VALUES('7bab0d8b-9f98-37f9-2edf-546f0b57e65b', '2014-11-21 09:53:39', '2014-11-21 09:53:39', '1', '1', NULL, 0, 'seed_chris_id', NULL, 'Philip', 'Jumper', 'President', NULL, 0, '(908) 391-9734', '(578) 671-3630', '(342) 557-9946', NULL, NULL, '123 Anywhere Street', 'Persistance', 'NY', '18317', 'USA', NULL, NULL, NULL, NULL, NULL, NULL, NULL, 'Trade Show', NULL, NULL, NULL);
INSERT INTO contacts (id, date_entered, date_modified, modified_user_id, created_by, description, deleted, assigned_user_id, salutation, first_name, last_name, title, department, do_not_call, phone_home, phone_mobile, phone_work, phone_other, phone_fax, primary_address_street, primary_address_city, primary_address_state, primary_address_postalcode, primary_address_country, alt_address_street, alt_address_city, alt_address_state, alt_address_postalcode, alt_address_country, assistant, assistant_phone, lead_source, reports_to_id, birthdate, campaign_id) VALUES('7c735bc1-1ce2-0e4c-0193-546f0bde586f', '2014-11-21 09:53:39', '2014-11-21 09:53:39', '1', '1', NULL, 0, 'seed_sarah_id', NULL, 'Amie', 'Walmsley', 'President', NULL, 0, '(769) 702-6405', '(266) 329-8975', '(656) 916-2367', NULL, NULL, '1715 Scott Dr', 'Persistance', 'CA', '45244', 'USA', NULL, NULL, NULL, NULL, NULL, NULL, NULL, 'Employee', NULL, NULL, NULL);
INSERT INTO contacts (id, date_entered, date_modified, modified_user_id, created_by, description, deleted, assigned_user_id, salutation, first_name, last_name, title, department, do_not_call, phone_home, phone_mobile, phone_work, phone_other, phone_fax, primary_address_street, primary_address_city, primary_address_state, primary_address_postalcode, primary_address_country, alt_address_street, alt_address_city, alt_address_state, alt_address_postalcode, alt_address_country, assistant, assistant_phone, lead_source, reports_to_id, birthdate, campaign_id) VALUES('7da23f9f-f862-084a-b8bd-546f0b4f99ef', '2014-11-21 09:53:39', '2014-11-21 09:53:39', '1', '1', NULL, 0, 'seed_chris_id', NULL, 'Rex', 'Hollen', 'IT Developer', NULL, 0, '(617) 688-0812', '(677) 383-5177', '(709) 072-2556', NULL, NULL, '123 Anywhere Street', 'San Francisco', 'NY', '93013', 'USA', NULL, NULL, NULL, NULL, NULL, NULL, NULL, 'Public Relations', NULL, NULL, NULL);
INSERT INTO contacts (id, date_entered, date_modified, modified_user_id, created_by, description, deleted, assigned_user_id, salutation, first_name, last_name, title, department, do_not_call, phone_home, phone_mobile, phone_work, phone_other, phone_fax, primary_address_street, primary_address_city, primary_address_state, primary_address_postalcode, primary_address_country, alt_address_street, alt_address_city, alt_address_state, alt_address_postalcode, alt_address_country, assistant, assistant_phone, lead_source, reports_to_id, birthdate, campaign_id) VALUES('8087325d-b13f-5fe4-d524-546f0b984a3b', '2014-11-21 09:53:39', '2014-11-21 09:53:39', '1', '1', NULL, 0, 'seed_will_id', NULL, 'Mai', 'Seymour', 'IT Developer', NULL, 0, '(255) 563-5443', '(906) 722-5379', '(064) 216-6610', NULL, NULL, '111 Silicon Valley Road', 'St. Petersburg', 'NY', '34126', 'USA', NULL, NULL, NULL, NULL, NULL, NULL, NULL, 'Existing Customer', NULL, NULL, NULL);
INSERT INTO contacts (id, date_entered, date_modified, modified_user_id, created_by, description, deleted, assigned_user_id, salutation, first_name, last_name, title, department, do_not_call, phone_home, phone_mobile, phone_work, phone_other, phone_fax, primary_address_street, primary_address_city, primary_address_state, primary_address_postalcode, primary_address_country, alt_address_street, alt_address_city, alt_address_state, alt_address_postalcode, alt_address_country, assistant, assistant_phone, lead_source, reports_to_id, birthdate, campaign_id) VALUES('815b5e13-d4b5-485e-cfe1-546f0bd35d45', '2014-11-21 09:53:39', '2014-11-21 09:53:39', '1', '1', NULL, 0, 'seed_sally_id', NULL, 'Luz', 'Mcclendon', 'IT Developer', NULL, 0, '(873) 062-7243', '(856) 422-0904', '(557) 714-4864', NULL, NULL, '67321 West Siam St.', 'Persistance', 'CA', '77295', 'USA', NULL, NULL, NULL, NULL, NULL, NULL, NULL, 'Trade Show', NULL, NULL, NULL);
INSERT INTO contacts (id, date_entered, date_modified, modified_user_id, created_by, description, deleted, assigned_user_id, salutation, first_name, last_name, title, department, do_not_call, phone_home, phone_mobile, phone_work, phone_other, phone_fax, primary_address_street, primary_address_city, primary_address_state, primary_address_postalcode, primary_address_country, alt_address_street, alt_address_city, alt_address_state, alt_address_postalcode, alt_address_country, assistant, assistant_phone, lead_source, reports_to_id, birthdate, campaign_id) VALUES('81c5dac7-6158-ce9b-277e-546f0bed10df', '2014-11-21 09:53:39', '2014-11-21 09:53:39', '1', '1', NULL, 0, 'seed_max_id', NULL, 'Adrian', 'Orris', 'Director Sales', NULL, 0, '(957) 439-9433', '(125) 146-7347', '(363) 712-0535', NULL, NULL, '123 Anywhere Street', 'San Mateo', 'CA', '67327', 'USA', NULL, NULL, NULL, NULL, NULL, NULL, NULL, 'Direct Mail', NULL, NULL, NULL);
INSERT INTO contacts (id, date_entered, date_modified, modified_user_id, created_by, description, deleted, assigned_user_id, salutation, first_name, last_name, title, department, do_not_call, phone_home, phone_mobile, phone_work, phone_other, phone_fax, primary_address_street, primary_address_city, primary_address_state, primary_address_postalcode, primary_address_country, alt_address_street, alt_address_city, alt_address_state, alt_address_postalcode, alt_address_country, assistant, assistant_phone, lead_source, reports_to_id, birthdate, campaign_id) VALUES('829bd7bd-3654-7cc5-db57-546f0b3acdbd', '2014-11-21 09:53:39', '2014-11-21 09:53:39', '1', '1', NULL, 0, 'seed_sarah_id', NULL, 'Jenny', 'Hamrick', 'Senior Product Manager', NULL, 0, '(779) 266-2899', '(368) 298-7122', '(828) 040-3105', NULL, NULL, '67321 West Siam St.', 'Santa Fe', 'CA', '75822', 'USA', NULL, NULL, NULL, NULL, NULL, NULL, NULL, 'Self Generated', NULL, NULL, NULL);
INSERT INTO contacts (id, date_entered, date_modified, modified_user_id, created_by, description, deleted, assigned_user_id, salutation, first_name, last_name, title, department, do_not_call, phone_home, phone_mobile, phone_work, phone_other, phone_fax, primary_address_street, primary_address_city, primary_address_state, primary_address_postalcode, primary_address_country, alt_address_street, alt_address_city, alt_address_state, alt_address_postalcode, alt_address_country, assistant, assistant_phone, lead_source, reports_to_id, birthdate, campaign_id) VALUES('82a53121-fbbe-9ff2-563b-546f0b9323db', '2014-11-21 09:53:39', '2014-11-21 09:53:39', '1', '1', NULL, 0, 'seed_chris_id', NULL, 'Esteban', 'Strock', 'Director Operations', NULL, 0, '(903) 448-5446', '(182) 741-0727', '(878) 816-1412', NULL, NULL, '777 West Filmore Ln', 'Sunnyvale', 'NY', '76738', 'USA', NULL, NULL, NULL, NULL, NULL, NULL, NULL, 'Word of mouth', NULL, NULL, NULL);
INSERT INTO contacts (id, date_entered, date_modified, modified_user_id, created_by, description, deleted, assigned_user_id, salutation, first_name, last_name, title, department, do_not_call, phone_home, phone_mobile, phone_work, phone_other, phone_fax, primary_address_street, primary_address_city, primary_address_state, primary_address_postalcode, primary_address_country, alt_address_street, alt_address_city, alt_address_state, alt_address_postalcode, alt_address_country, assistant, assistant_phone, lead_source, reports_to_id, birthdate, campaign_id) VALUES('848e1da4-66bb-ca8b-8fff-546f0b5a3d4c', '2014-11-21 09:53:39', '2014-11-21 09:53:39', '1', '1', NULL, 0, 'seed_sarah_id', NULL, 'Noreen', 'Grace', 'Director Sales', NULL, 0, '(521) 339-1333', '(683) 519-4512', '(321) 511-5597', NULL, NULL, '48920 San Carlos Ave', 'St. Petersburg', 'CA', '72480', 'USA', NULL, NULL, NULL, NULL, NULL, NULL, NULL, 'Partner', NULL, NULL, NULL);
INSERT INTO contacts (id, date_entered, date_modified, modified_user_id, created_by, description, deleted, assigned_user_id, salutation, first_name, last_name, title, department, do_not_call, phone_home, phone_mobile, phone_work, phone_other, phone_fax, primary_address_street, primary_address_city, primary_address_state, primary_address_postalcode, primary_address_country, alt_address_street, alt_address_city, alt_address_state, alt_address_postalcode, alt_address_country, assistant, assistant_phone, lead_source, reports_to_id, birthdate, campaign_id) VALUES('84aa1010-a88c-2f81-be41-546f0ba47da6', '2014-11-21 09:53:39', '2014-11-21 09:53:39', '1', '1', NULL, 0, 'seed_max_id', NULL, 'Lesley', 'Earle', 'Director Sales', NULL, 0, '(502) 914-1728', '(974) 812-8288', '(077) 464-7354', NULL, NULL, '48920 San Carlos Ave', 'St. Petersburg', 'CA', '60872', 'USA', NULL, NULL, NULL, NULL, NULL, NULL, NULL, 'Employee', NULL, NULL, NULL);
INSERT INTO contacts (id, date_entered, date_modified, modified_user_id, created_by, description, deleted, assigned_user_id, salutation, first_name, last_name, title, department, do_not_call, phone_home, phone_mobile, phone_work, phone_other, phone_fax, primary_address_street, primary_address_city, primary_address_state, primary_address_postalcode, primary_address_country, alt_address_street, alt_address_city, alt_address_state, alt_address_postalcode, alt_address_country, assistant, assistant_phone, lead_source, reports_to_id, birthdate, campaign_id) VALUES('858084d3-8c2e-78a8-c1e7-546f0b1ed052', '2014-11-21 09:53:39', '2014-11-21 09:53:39', '1', '1', NULL, 0, 'seed_sarah_id', NULL, 'Garfield', 'Wommack', 'VP Sales', NULL, 0, '(604) 905-4737', '(799) 872-5317', '(206) 729-9889', NULL, NULL, '777 West Filmore Ln', 'Cupertino', 'CA', '17871', 'USA', NULL, NULL, NULL, NULL, NULL, NULL, NULL, 'Partner', NULL, NULL, NULL);
INSERT INTO contacts (id, date_entered, date_modified, modified_user_id, created_by, description, deleted, assigned_user_id, salutation, first_name, last_name, title, department, do_not_call, phone_home, phone_mobile, phone_work, phone_other, phone_fax, primary_address_street, primary_address_city, primary_address_state, primary_address_postalcode, primary_address_country, alt_address_street, alt_address_city, alt_address_state, alt_address_postalcode, alt_address_country, assistant, assistant_phone, lead_source, reports_to_id, birthdate, campaign_id) VALUES('868eeacf-9a9f-d025-c728-546f0bdc33b2', '2014-11-21 09:53:39', '2014-11-21 09:53:39', '1', '1', NULL, 0, 'seed_sally_id', NULL, 'Hattie', 'Shin', 'Director Operations', NULL, 0, '(030) 571-1861', '(743) 215-8124', '(789) 386-0132', NULL, NULL, '321 University Ave.', 'San Jose', 'CA', '90743', 'USA', NULL, NULL, NULL, NULL, NULL, NULL, NULL, 'Campaign', NULL, NULL, NULL);
INSERT INTO contacts (id, date_entered, date_modified, modified_user_id, created_by, description, deleted, assigned_user_id, salutation, first_name, last_name, title, department, do_not_call, phone_home, phone_mobile, phone_work, phone_other, phone_fax, primary_address_street, primary_address_city, primary_address_state, primary_address_postalcode, primary_address_country, alt_address_street, alt_address_city, alt_address_state, alt_address_postalcode, alt_address_country, assistant, assistant_phone, lead_source, reports_to_id, birthdate, campaign_id) VALUES('89718c9a-1252-23ad-079f-546f0bbdd5de', '2014-11-21 09:53:39', '2014-11-21 09:53:39', '1', '1', NULL, 0, 'seed_max_id', NULL, 'Barbara', 'Sanchez', 'Senior Product Manager', NULL, 0, '(540) 837-6232', '(561) 413-4871', '(057) 658-4086', NULL, NULL, '345 Sugar Blvd.', 'Salt Lake City', 'CA', '72287', 'USA', NULL, NULL, NULL, NULL, NULL, NULL, NULL, 'Partner', NULL, NULL, NULL);
INSERT INTO contacts (id, date_entered, date_modified, modified_user_id, created_by, description, deleted, assigned_user_id, salutation, first_name, last_name, title, department, do_not_call, phone_home, phone_mobile, phone_work, phone_other, phone_fax, primary_address_street, primary_address_city, primary_address_state, primary_address_postalcode, primary_address_country, alt_address_street, alt_address_city, alt_address_state, alt_address_postalcode, alt_address_country, assistant, assistant_phone, lead_source, reports_to_id, birthdate, campaign_id) VALUES('8bf21028-1c1d-4a57-21ca-546f0b4387c9', '2014-11-21 09:53:39', '2014-11-21 09:53:39', '1', '1', NULL, 0, 'seed_max_id', NULL, 'Otto', 'Krom', 'President', NULL, 0, '(357) 166-2759', '(036) 784-9435', '(793) 887-9633', NULL, NULL, '999 Baker Way', 'Sunnyvale', 'CA', '30633', 'USA', NULL, NULL, NULL, NULL, NULL, NULL, NULL, 'Existing Customer', NULL, NULL, NULL);
INSERT INTO contacts (id, date_entered, date_modified, modified_user_id, created_by, description, deleted, assigned_user_id, salutation, first_name, last_name, title, department, do_not_call, phone_home, phone_mobile, phone_work, phone_other, phone_fax, primary_address_street, primary_address_city, primary_address_state, primary_address_postalcode, primary_address_country, alt_address_street, alt_address_city, alt_address_state, alt_address_postalcode, alt_address_country, assistant, assistant_phone, lead_source, reports_to_id, birthdate, campaign_id) VALUES('8f357dc2-595f-1bce-b753-546f0beed625', '2014-11-21 09:53:39', '2014-11-21 09:53:39', '1', '1', NULL, 0, 'seed_will_id', NULL, 'Amado', 'Mahar', 'Director Operations', NULL, 0, '(864) 498-9973', '(711) 829-3718', '(797) 474-6940', NULL, NULL, '9 IBM Path', 'Ohio', 'NY', '88200', 'USA', NULL, NULL, NULL, NULL, NULL, NULL, NULL, 'Conference', NULL, NULL, NULL);
INSERT INTO contacts (id, date_entered, date_modified, modified_user_id, created_by, description, deleted, assigned_user_id, salutation, first_name, last_name, title, department, do_not_call, phone_home, phone_mobile, phone_work, phone_other, phone_fax, primary_address_street, primary_address_city, primary_address_state, primary_address_postalcode, primary_address_country, alt_address_street, alt_address_city, alt_address_state, alt_address_postalcode, alt_address_country, assistant, assistant_phone, lead_source, reports_to_id, birthdate, campaign_id) VALUES('909a3472-9777-a8c2-0aa8-546f0bd6e68e', '2014-11-21 09:53:39', '2014-11-21 09:53:39', '1', '1', NULL, 0, 'seed_chris_id', NULL, 'Miles', 'Rainey', 'Mgr Operations', NULL, 0, '(593) 811-8009', '(771) 887-8862', '(230) 321-6799', NULL, NULL, '1715 Scott Dr', 'San Mateo', 'NY', '29924', 'USA', NULL, NULL, NULL, NULL, NULL, NULL, NULL, 'Cold Call', NULL, NULL, NULL);
INSERT INTO contacts (id, date_entered, date_modified, modified_user_id, created_by, description, deleted, assigned_user_id, salutation, first_name, last_name, title, department, do_not_call, phone_home, phone_mobile, phone_work, phone_other, phone_fax, primary_address_street, primary_address_city, primary_address_state, primary_address_postalcode, primary_address_country, alt_address_street, alt_address_city, alt_address_state, alt_address_postalcode, alt_address_country, assistant, assistant_phone, lead_source, reports_to_id, birthdate, campaign_id) VALUES('90cea44a-fca4-bc49-3ba8-546f0bc10eb6', '2014-11-21 09:53:39', '2014-11-21 09:53:39', '1', '1', NULL, 0, 'seed_max_id', NULL, 'Brigitte', 'Pizano', 'IT Developer', NULL, 0, '(548) 260-5298', '(753) 721-0775', '(135) 110-7183', NULL, NULL, '345 Sugar Blvd.', 'San Francisco', 'CA', '65637', 'USA', NULL, NULL, NULL, NULL, NULL, NULL, NULL, 'Email', NULL, NULL, NULL);
INSERT INTO contacts (id, date_entered, date_modified, modified_user_id, created_by, description, deleted, assigned_user_id, salutation, first_name, last_name, title, department, do_not_call, phone_home, phone_mobile, phone_work, phone_other, phone_fax, primary_address_street, primary_address_city, primary_address_state, primary_address_postalcode, primary_address_country, alt_address_street, alt_address_city, alt_address_state, alt_address_postalcode, alt_address_country, assistant, assistant_phone, lead_source, reports_to_id, birthdate, campaign_id) VALUES('90e50deb-9432-1995-3013-546f0b83c045', '2014-11-21 09:53:39', '2014-11-21 09:53:39', '1', '1', NULL, 0, 'seed_max_id', NULL, 'Serena', 'Swindler', 'Mgr Operations', NULL, 0, '(051) 865-3380', '(010) 196-7668', '(404) 964-9942', NULL, NULL, '67321 West Siam St.', 'Cupertino', 'CA', '61794', 'USA', NULL, NULL, NULL, NULL, NULL, NULL, NULL, 'Web Site', NULL, NULL, NULL);
INSERT INTO contacts (id, date_entered, date_modified, modified_user_id, created_by, description, deleted, assigned_user_id, salutation, first_name, last_name, title, department, do_not_call, phone_home, phone_mobile, phone_work, phone_other, phone_fax, primary_address_street, primary_address_city, primary_address_state, primary_address_postalcode, primary_address_country, alt_address_street, alt_address_city, alt_address_state, alt_address_postalcode, alt_address_country, assistant, assistant_phone, lead_source, reports_to_id, birthdate, campaign_id) VALUES('9141bfc4-f7b7-2134-433f-546f0bbd2865', '2014-11-21 09:53:39', '2014-11-21 09:53:39', '1', '1', NULL, 0, 'seed_max_id', NULL, 'Myron', 'Dwyer', 'VP Operations', NULL, 0, '(466) 190-4363', '(950) 130-8222', '(481) 587-3596', NULL, NULL, '1715 Scott Dr', 'San Francisco', 'CA', '78527', 'USA', NULL, NULL, NULL, NULL, NULL, NULL, NULL, 'Trade Show', NULL, NULL, NULL);
INSERT INTO contacts (id, date_entered, date_modified, modified_user_id, created_by, description, deleted, assigned_user_id, salutation, first_name, last_name, title, department, do_not_call, phone_home, phone_mobile, phone_work, phone_other, phone_fax, primary_address_street, primary_address_city, primary_address_state, primary_address_postalcode, primary_address_country, alt_address_street, alt_address_city, alt_address_state, alt_address_postalcode, alt_address_country, assistant, assistant_phone, lead_source, reports_to_id, birthdate, campaign_id) VALUES('91508933-a5bf-7519-27a0-546f0b881b8a', '2014-11-21 09:53:39', '2014-11-21 09:53:39', '1', '1', NULL, 0, 'seed_sarah_id', NULL, 'Reuben', 'Shiner', 'Director Operations', NULL, 0, '(235) 908-5135', '(969) 898-4464', '(418) 368-0874', NULL, NULL, '1715 Scott Dr', 'Kansas City', 'CA', '65879', 'USA', NULL, NULL, NULL, NULL, NULL, NULL, NULL, 'Partner', NULL, NULL, NULL);
INSERT INTO contacts (id, date_entered, date_modified, modified_user_id, created_by, description, deleted, assigned_user_id, salutation, first_name, last_name, title, department, do_not_call, phone_home, phone_mobile, phone_work, phone_other, phone_fax, primary_address_street, primary_address_city, primary_address_state, primary_address_postalcode, primary_address_country, alt_address_street, alt_address_city, alt_address_state, alt_address_postalcode, alt_address_country, assistant, assistant_phone, lead_source, reports_to_id, birthdate, campaign_id) VALUES('919ac2fb-21b1-f1ba-6509-546f0b42915f', '2014-11-21 09:53:39', '2014-11-21 09:53:39', '1', '1', NULL, 0, 'seed_max_id', NULL, 'Wilton', 'Paden', 'VP Operations', NULL, 0, '(838) 619-4376', '(855) 981-4152', '(907) 300-0718', NULL, NULL, '48920 San Carlos Ave', 'Alabama', 'CA', '68912', 'USA', NULL, NULL, NULL, NULL, NULL, NULL, NULL, 'Existing Customer', NULL, NULL, NULL);
INSERT INTO contacts (id, date_entered, date_modified, modified_user_id, created_by, description, deleted, assigned_user_id, salutation, first_name, last_name, title, department, do_not_call, phone_home, phone_mobile, phone_work, phone_other, phone_fax, primary_address_street, primary_address_city, primary_address_state, primary_address_postalcode, primary_address_country, alt_address_street, alt_address_city, alt_address_state, alt_address_postalcode, alt_address_country, assistant, assistant_phone, lead_source, reports_to_id, birthdate, campaign_id) VALUES('93a52357-88de-ad2c-c4ed-546f0be26840', '2014-11-21 09:53:39', '2014-11-21 09:53:39', '1', '1', NULL, 0, 'seed_max_id', NULL, 'Dorothea', 'Stowell', 'President', NULL, 0, '(503) 202-1005', '(721) 575-3999', '(094) 561-1493', NULL, NULL, '321 University Ave.', 'Santa Monica', 'CA', '57463', 'USA', NULL, NULL, NULL, NULL, NULL, NULL, NULL, 'Conference', NULL, NULL, NULL);
INSERT INTO contacts (id, date_entered, date_modified, modified_user_id, created_by, description, deleted, assigned_user_id, salutation, first_name, last_name, title, department, do_not_call, phone_home, phone_mobile, phone_work, phone_other, phone_fax, primary_address_street, primary_address_city, primary_address_state, primary_address_postalcode, primary_address_country, alt_address_street, alt_address_city, alt_address_state, alt_address_postalcode, alt_address_country, assistant, assistant_phone, lead_source, reports_to_id, birthdate, campaign_id) VALUES('93aaf60d-9eaa-ed1d-c678-546f0bb510f9', '2014-11-21 09:53:39', '2014-11-21 09:53:39', '1', '1', NULL, 0, 'seed_sarah_id', NULL, 'Rhonda', 'Fulks', 'Director Sales', NULL, 0, '(590) 649-1475', '(578) 010-1797', '(088) 085-4853', NULL, NULL, '1715 Scott Dr', 'Cupertino', 'CA', '89726', 'USA', NULL, NULL, NULL, NULL, NULL, NULL, NULL, 'Public Relations', NULL, NULL, NULL);
INSERT INTO contacts (id, date_entered, date_modified, modified_user_id, created_by, description, deleted, assigned_user_id, salutation, first_name, last_name, title, department, do_not_call, phone_home, phone_mobile, phone_work, phone_other, phone_fax, primary_address_street, primary_address_city, primary_address_state, primary_address_postalcode, primary_address_country, alt_address_street, alt_address_city, alt_address_state, alt_address_postalcode, alt_address_country, assistant, assistant_phone, lead_source, reports_to_id, birthdate, campaign_id) VALUES('94c601bb-997f-3e3d-ed68-546f0bd6dcc5', '2014-11-21 09:53:39', '2014-11-21 09:53:39', '1', '1', NULL, 0, 'seed_sarah_id', NULL, 'Emmett', 'Bullington', 'Mgr Operations', NULL, 0, '(059) 271-8884', '(542) 101-8556', '(767) 924-2355', NULL, NULL, '345 Sugar Blvd.', 'Denver', 'CA', '53632', 'USA', NULL, NULL, NULL, NULL, NULL, NULL, NULL, 'Conference', NULL, NULL, NULL);
INSERT INTO contacts (id, date_entered, date_modified, modified_user_id, created_by, description, deleted, assigned_user_id, salutation, first_name, last_name, title, department, do_not_call, phone_home, phone_mobile, phone_work, phone_other, phone_fax, primary_address_street, primary_address_city, primary_address_state, primary_address_postalcode, primary_address_country, alt_address_street, alt_address_city, alt_address_state, alt_address_postalcode, alt_address_country, assistant, assistant_phone, lead_source, reports_to_id, birthdate, campaign_id) VALUES('954d182d-54a3-2a08-b33b-546f0b9fecd7', '2014-11-21 09:53:39', '2014-11-21 09:53:39', '1', '1', NULL, 0, 'seed_sarah_id', NULL, 'Lessie', 'Flax', 'Director Sales', NULL, 0, '(731) 787-2124', '(130) 967-8128', '(575) 107-0491', NULL, NULL, '9 IBM Path', 'Sunnyvale', 'CA', '55542', 'USA', NULL, NULL, NULL, NULL, NULL, NULL, NULL, 'Employee', NULL, NULL, NULL);
INSERT INTO contacts (id, date_entered, date_modified, modified_user_id, created_by, description, deleted, assigned_user_id, salutation, first_name, last_name, title, department, do_not_call, phone_home, phone_mobile, phone_work, phone_other, phone_fax, primary_address_street, primary_address_city, primary_address_state, primary_address_postalcode, primary_address_country, alt_address_street, alt_address_city, alt_address_state, alt_address_postalcode, alt_address_country, assistant, assistant_phone, lead_source, reports_to_id, birthdate, campaign_id) VALUES('95abb9b6-d9d5-a9b3-36a9-546f0ba06ffe', '2014-11-21 09:53:39', '2014-11-21 09:53:39', '1', '1', NULL, 0, 'seed_sally_id', NULL, 'Wiley', 'Levitt', 'President', NULL, 0, '(771) 048-6816', '(704) 789-8239', '(801) 904-8593', NULL, NULL, '999 Baker Way', 'Alabama', 'CA', '30788', 'USA', NULL, NULL, NULL, NULL, NULL, NULL, NULL, '', NULL, NULL, NULL);
INSERT INTO contacts (id, date_entered, date_modified, modified_user_id, created_by, description, deleted, assigned_user_id, salutation, first_name, last_name, title, department, do_not_call, phone_home, phone_mobile, phone_work, phone_other, phone_fax, primary_address_street, primary_address_city, primary_address_state, primary_address_postalcode, primary_address_country, alt_address_street, alt_address_city, alt_address_state, alt_address_postalcode, alt_address_country, assistant, assistant_phone, lead_source, reports_to_id, birthdate, campaign_id) VALUES('98155cc1-c75c-074f-7ad5-546f0b65f4b8', '2014-11-21 09:53:39', '2014-11-21 09:53:39', '1', '1', NULL, 0, 'seed_will_id', NULL, 'Brad', 'Mach', 'VP Sales', NULL, 0, '(214) 202-9983', '(836) 730-4047', '(814) 918-6226', NULL, NULL, '9 IBM Path', 'Santa Fe', 'NY', '28477', 'USA', NULL, NULL, NULL, NULL, NULL, NULL, NULL, 'Employee', NULL, NULL, NULL);
INSERT INTO contacts (id, date_entered, date_modified, modified_user_id, created_by, description, deleted, assigned_user_id, salutation, first_name, last_name, title, department, do_not_call, phone_home, phone_mobile, phone_work, phone_other, phone_fax, primary_address_street, primary_address_city, primary_address_state, primary_address_postalcode, primary_address_country, alt_address_street, alt_address_city, alt_address_state, alt_address_postalcode, alt_address_country, assistant, assistant_phone, lead_source, reports_to_id, birthdate, campaign_id) VALUES('9907528c-d0f4-85b6-8b3b-546f0bef6bcc', '2014-11-21 09:53:39', '2014-11-21 09:53:39', '1', '1', NULL, 0, 'seed_max_id', NULL, 'Chrystal', 'Mcabee', 'VP Operations', NULL, 0, '(091) 758-3264', '(558) 094-5275', '(595) 723-8897', NULL, NULL, '321 University Ave.', 'Santa Fe', 'CA', '14784', 'USA', NULL, NULL, NULL, NULL, NULL, NULL, NULL, 'Word of mouth', NULL, NULL, NULL);
INSERT INTO contacts (id, date_entered, date_modified, modified_user_id, created_by, description, deleted, assigned_user_id, salutation, first_name, last_name, title, department, do_not_call, phone_home, phone_mobile, phone_work, phone_other, phone_fax, primary_address_street, primary_address_city, primary_address_state, primary_address_postalcode, primary_address_country, alt_address_street, alt_address_city, alt_address_state, alt_address_postalcode, alt_address_country, assistant, assistant_phone, lead_source, reports_to_id, birthdate, campaign_id) VALUES('9fc85a01-7d4c-3e81-3224-546f0b4690aa', '2014-11-21 09:53:39', '2014-11-21 09:53:39', '1', '1', NULL, 0, 'seed_will_id', NULL, 'Son', 'Duren', 'Senior Product Manager', NULL, 0, '(250) 103-7764', '(334) 545-3235', '(659) 665-2408', NULL, NULL, '9 IBM Path', 'San Francisco', 'NY', '89142', 'USA', NULL, NULL, NULL, NULL, NULL, NULL, NULL, 'Word of mouth', NULL, NULL, NULL);
INSERT INTO contacts (id, date_entered, date_modified, modified_user_id, created_by, description, deleted, assigned_user_id, salutation, first_name, last_name, title, department, do_not_call, phone_home, phone_mobile, phone_work, phone_other, phone_fax, primary_address_street, primary_address_city, primary_address_state, primary_address_postalcode, primary_address_country, alt_address_street, alt_address_city, alt_address_state, alt_address_postalcode, alt_address_country, assistant, assistant_phone, lead_source, reports_to_id, birthdate, campaign_id) VALUES('a03fbbc9-c599-fccb-ba66-546f0b8fa29e', '2014-11-21 09:53:39', '2014-11-21 09:53:39', '1', '1', NULL, 0, 'seed_sally_id', NULL, 'Paula', 'Kravitz', 'Senior Product Manager', NULL, 0, '(968) 056-2969', '(944) 028-8799', '(675) 214-1053', NULL, NULL, '777 West Filmore Ln', 'Santa Monica', 'CA', '38336', 'USA', NULL, NULL, NULL, NULL, NULL, NULL, NULL, 'Cold Call', NULL, NULL, NULL);
INSERT INTO contacts (id, date_entered, date_modified, modified_user_id, created_by, description, deleted, assigned_user_id, salutation, first_name, last_name, title, department, do_not_call, phone_home, phone_mobile, phone_work, phone_other, phone_fax, primary_address_street, primary_address_city, primary_address_state, primary_address_postalcode, primary_address_country, alt_address_street, alt_address_city, alt_address_state, alt_address_postalcode, alt_address_country, assistant, assistant_phone, lead_source, reports_to_id, birthdate, campaign_id) VALUES('a0f43882-12b0-9db5-3a8c-546f0b185d77', '2014-11-21 09:53:39', '2014-11-21 09:53:39', '1', '1', NULL, 0, 'seed_sarah_id', NULL, 'Lou', 'Yale', 'Senior Product Manager', NULL, 0, '(820) 285-3390', '(257) 136-3174', '(641) 484-4464', NULL, NULL, '321 University Ave.', 'Santa Monica', 'CA', '27640', 'USA', NULL, NULL, NULL, NULL, NULL, NULL, NULL, 'Word of mouth', NULL, NULL, NULL);
INSERT INTO contacts (id, date_entered, date_modified, modified_user_id, created_by, description, deleted, assigned_user_id, salutation, first_name, last_name, title, department, do_not_call, phone_home, phone_mobile, phone_work, phone_other, phone_fax, primary_address_street, primary_address_city, primary_address_state, primary_address_postalcode, primary_address_country, alt_address_street, alt_address_city, alt_address_state, alt_address_postalcode, alt_address_country, assistant, assistant_phone, lead_source, reports_to_id, birthdate, campaign_id) VALUES('a14bd75e-9827-92f1-972e-546f0be283bc', '2014-11-21 09:53:39', '2014-11-21 09:53:39', '1', '1', NULL, 0, 'seed_will_id', NULL, 'Carla', 'Ickes', 'VP Sales', NULL, 0, '(075) 681-9402', '(027) 278-0880', '(100) 770-8809', NULL, NULL, '111 Silicon Valley Road', 'San Jose', 'NY', '40366', 'USA', NULL, NULL, NULL, NULL, NULL, NULL, NULL, 'Existing Customer', NULL, NULL, NULL);
INSERT INTO contacts (id, date_entered, date_modified, modified_user_id, created_by, description, deleted, assigned_user_id, salutation, first_name, last_name, title, department, do_not_call, phone_home, phone_mobile, phone_work, phone_other, phone_fax, primary_address_street, primary_address_city, primary_address_state, primary_address_postalcode, primary_address_country, alt_address_street, alt_address_city, alt_address_state, alt_address_postalcode, alt_address_country, assistant, assistant_phone, lead_source, reports_to_id, birthdate, campaign_id) VALUES('a1d35a1f-78dc-3a6c-fc5e-546f0b12871f', '2014-11-21 09:53:39', '2014-11-21 09:53:39', '1', '1', NULL, 0, 'seed_will_id', NULL, 'Charmaine', 'Simmons', 'Senior Product Manager', NULL, 0, '(602) 638-1279', '(771) 711-2921', '(403) 252-4568', NULL, NULL, '123 Anywhere Street', 'Los Angeles', 'NY', '94529', 'USA', NULL, NULL, NULL, NULL, NULL, NULL, NULL, 'Partner', NULL, NULL, NULL);
INSERT INTO contacts (id, date_entered, date_modified, modified_user_id, created_by, description, deleted, assigned_user_id, salutation, first_name, last_name, title, department, do_not_call, phone_home, phone_mobile, phone_work, phone_other, phone_fax, primary_address_street, primary_address_city, primary_address_state, primary_address_postalcode, primary_address_country, alt_address_street, alt_address_city, alt_address_state, alt_address_postalcode, alt_address_country, assistant, assistant_phone, lead_source, reports_to_id, birthdate, campaign_id) VALUES('a314aa1a-ce8e-ea5c-1906-546f0b203f94', '2014-11-21 09:53:39', '2014-11-21 09:53:39', '1', '1', NULL, 0, 'seed_sally_id', NULL, 'Ethan', 'Corrado', 'Director Sales', NULL, 0, '(928) 428-2828', '(530) 115-1531', '(646) 115-7631', NULL, NULL, '9 IBM Path', 'Persistance', 'CA', '56243', 'USA', NULL, NULL, NULL, NULL, NULL, NULL, NULL, 'Partner', NULL, NULL, NULL);
INSERT INTO contacts (id, date_entered, date_modified, modified_user_id, created_by, description, deleted, assigned_user_id, salutation, first_name, last_name, title, department, do_not_call, phone_home, phone_mobile, phone_work, phone_other, phone_fax, primary_address_street, primary_address_city, primary_address_state, primary_address_postalcode, primary_address_country, alt_address_street, alt_address_city, alt_address_state, alt_address_postalcode, alt_address_country, assistant, assistant_phone, lead_source, reports_to_id, birthdate, campaign_id) VALUES('a3e59d17-3c1a-6128-9156-546f0be83119', '2014-11-21 09:53:39', '2014-11-21 09:53:39', '1', '1', NULL, 0, 'seed_sarah_id', NULL, 'Israel', 'Rouillard', 'Senior Product Manager', NULL, 0, '(461) 692-6059', '(647) 953-0692', '(197) 097-4547', NULL, NULL, '9 IBM Path', 'Denver', 'CA', '63683', 'USA', NULL, NULL, NULL, NULL, NULL, NULL, NULL, 'Cold Call', NULL, NULL, NULL);
INSERT INTO contacts (id, date_entered, date_modified, modified_user_id, created_by, description, deleted, assigned_user_id, salutation, first_name, last_name, title, department, do_not_call, phone_home, phone_mobile, phone_work, phone_other, phone_fax, primary_address_street, primary_address_city, primary_address_state, primary_address_postalcode, primary_address_country, alt_address_street, alt_address_city, alt_address_state, alt_address_postalcode, alt_address_country, assistant, assistant_phone, lead_source, reports_to_id, birthdate, campaign_id) VALUES('a3f0a3ea-d465-9689-0357-546f0b5870ab', '2014-11-21 09:53:39', '2014-11-21 09:53:39', '1', '1', NULL, 0, 'seed_sally_id', NULL, 'Frankie', 'Keels', 'Director Operations', NULL, 0, '(220) 243-5853', '(896) 066-7995', '(267) 842-8347', NULL, NULL, '777 West Filmore Ln', 'Salt Lake City', 'CA', '95850', 'USA', NULL, NULL, NULL, NULL, NULL, NULL, NULL, 'Web Site', NULL, NULL, NULL);
INSERT INTO contacts (id, date_entered, date_modified, modified_user_id, created_by, description, deleted, assigned_user_id, salutation, first_name, last_name, title, department, do_not_call, phone_home, phone_mobile, phone_work, phone_other, phone_fax, primary_address_street, primary_address_city, primary_address_state, primary_address_postalcode, primary_address_country, alt_address_street, alt_address_city, alt_address_state, alt_address_postalcode, alt_address_country, assistant, assistant_phone, lead_source, reports_to_id, birthdate, campaign_id) VALUES('a3f8e623-eae5-e34e-cc87-546f0b4226ee', '2014-11-21 09:53:39', '2014-11-21 09:53:39', '1', '1', NULL, 0, 'seed_sally_id', NULL, 'Kris', 'Duty', 'VP Operations', NULL, 0, '(592) 200-2231', '(226) 823-8072', '(204) 763-1926', NULL, NULL, '123 Anywhere Street', 'Persistance', 'CA', '91214', 'USA', NULL, NULL, NULL, NULL, NULL, NULL, NULL, 'Cold Call', NULL, NULL, NULL);
INSERT INTO contacts (id, date_entered, date_modified, modified_user_id, created_by, description, deleted, assigned_user_id, salutation, first_name, last_name, title, department, do_not_call, phone_home, phone_mobile, phone_work, phone_other, phone_fax, primary_address_street, primary_address_city, primary_address_state, primary_address_postalcode, primary_address_country, alt_address_street, alt_address_city, alt_address_state, alt_address_postalcode, alt_address_country, assistant, assistant_phone, lead_source, reports_to_id, birthdate, campaign_id) VALUES('a551cf49-5ad8-d73e-08df-546f0b718d64', '2014-11-21 09:53:39', '2014-11-21 09:53:39', '1', '1', NULL, 0, 'seed_sally_id', NULL, 'Eusebio', 'Click', 'Director Sales', NULL, 0, '(388) 611-1971', '(683) 822-6738', '(105) 013-8496', NULL, NULL, '777 West Filmore Ln', 'Salt Lake City', 'CA', '65741', 'USA', NULL, NULL, NULL, NULL, NULL, NULL, NULL, 'Word of mouth', NULL, NULL, NULL);
INSERT INTO contacts (id, date_entered, date_modified, modified_user_id, created_by, description, deleted, assigned_user_id, salutation, first_name, last_name, title, department, do_not_call, phone_home, phone_mobile, phone_work, phone_other, phone_fax, primary_address_street, primary_address_city, primary_address_state, primary_address_postalcode, primary_address_country, alt_address_street, alt_address_city, alt_address_state, alt_address_postalcode, alt_address_country, assistant, assistant_phone, lead_source, reports_to_id, birthdate, campaign_id) VALUES('a702110e-d9e2-e585-3ae4-546f0b2bdbbf', '2014-11-21 09:53:39', '2014-11-21 09:53:39', '1', '1', NULL, 0, 'seed_max_id', NULL, 'Mary', 'Aguila', 'VP Sales', NULL, 0, '(164) 273-1241', '(293) 131-0674', '(265) 130-5056', NULL, NULL, '67321 West Siam St.', 'Santa Monica', 'CA', '68718', 'USA', NULL, NULL, NULL, NULL, NULL, NULL, NULL, 'Existing Customer', NULL, NULL, NULL);
INSERT INTO contacts (id, date_entered, date_modified, modified_user_id, created_by, description, deleted, assigned_user_id, salutation, first_name, last_name, title, department, do_not_call, phone_home, phone_mobile, phone_work, phone_other, phone_fax, primary_address_street, primary_address_city, primary_address_state, primary_address_postalcode, primary_address_country, alt_address_street, alt_address_city, alt_address_state, alt_address_postalcode, alt_address_country, assistant, assistant_phone, lead_source, reports_to_id, birthdate, campaign_id) VALUES('a72d20a2-a4f6-fbeb-c11e-546f0b547dc6', '2014-11-21 09:53:39', '2014-11-21 09:53:39', '1', '1', NULL, 0, 'seed_chris_id', NULL, 'Arnulfo', 'Gustin', 'VP Sales', NULL, 0, '(382) 033-3250', '(804) 175-3763', '(331) 752-5040', NULL, NULL, '123 Anywhere Street', 'Denver', 'NY', '97642', 'USA', NULL, NULL, NULL, NULL, NULL, NULL, NULL, 'Public Relations', NULL, NULL, NULL);
INSERT INTO contacts (id, date_entered, date_modified, modified_user_id, created_by, description, deleted, assigned_user_id, salutation, first_name, last_name, title, department, do_not_call, phone_home, phone_mobile, phone_work, phone_other, phone_fax, primary_address_street, primary_address_city, primary_address_state, primary_address_postalcode, primary_address_country, alt_address_street, alt_address_city, alt_address_state, alt_address_postalcode, alt_address_country, assistant, assistant_phone, lead_source, reports_to_id, birthdate, campaign_id) VALUES('a7335714-7530-fb1a-5529-546f0bb8feab', '2014-11-21 09:53:39', '2014-11-21 09:53:39', '1', '1', NULL, 0, 'seed_sally_id', NULL, 'Jake', 'Schwartz', 'Senior Product Manager', NULL, 0, '(894) 800-4212', '(809) 385-6197', '(294) 667-5251', NULL, NULL, '321 University Ave.', 'San Jose', 'CA', '20129', 'USA', NULL, NULL, NULL, NULL, NULL, NULL, NULL, 'Other', NULL, NULL, NULL);
INSERT INTO contacts (id, date_entered, date_modified, modified_user_id, created_by, description, deleted, assigned_user_id, salutation, first_name, last_name, title, department, do_not_call, phone_home, phone_mobile, phone_work, phone_other, phone_fax, primary_address_street, primary_address_city, primary_address_state, primary_address_postalcode, primary_address_country, alt_address_street, alt_address_city, alt_address_state, alt_address_postalcode, alt_address_country, assistant, assistant_phone, lead_source, reports_to_id, birthdate, campaign_id) VALUES('a782e02e-dc56-c944-0706-546f0bffa13d', '2014-11-21 09:53:39', '2014-11-21 09:53:39', '1', '1', NULL, 0, 'seed_max_id', NULL, 'Marcel', 'Dwight', 'VP Operations', NULL, 0, '(443) 113-9702', '(282) 341-8688', '(097) 264-2015', NULL, NULL, '48920 San Carlos Ave', 'Los Angeles', 'CA', '36352', 'USA', NULL, NULL, NULL, NULL, NULL, NULL, NULL, '', NULL, NULL, NULL);
INSERT INTO contacts (id, date_entered, date_modified, modified_user_id, created_by, description, deleted, assigned_user_id, salutation, first_name, last_name, title, department, do_not_call, phone_home, phone_mobile, phone_work, phone_other, phone_fax, primary_address_street, primary_address_city, primary_address_state, primary_address_postalcode, primary_address_country, alt_address_street, alt_address_city, alt_address_state, alt_address_postalcode, alt_address_country, assistant, assistant_phone, lead_source, reports_to_id, birthdate, campaign_id) VALUES('ac0db7fa-c4fb-7d41-6cbf-546f0b1482ab', '2014-11-21 09:53:39', '2014-11-21 09:53:39', '1', '1', NULL, 0, 'seed_sarah_id', NULL, 'Willard', 'Rotter', 'VP Sales', NULL, 0, '(676) 590-2010', '(493) 652-1014', '(974) 878-7039', NULL, NULL, '321 University Ave.', 'Denver', 'CA', '10706', 'USA', NULL, NULL, NULL, NULL, NULL, NULL, NULL, 'Partner', NULL, NULL, NULL);
INSERT INTO contacts (id, date_entered, date_modified, modified_user_id, created_by, description, deleted, assigned_user_id, salutation, first_name, last_name, title, department, do_not_call, phone_home, phone_mobile, phone_work, phone_other, phone_fax, primary_address_street, primary_address_city, primary_address_state, primary_address_postalcode, primary_address_country, alt_address_street, alt_address_city, alt_address_state, alt_address_postalcode, alt_address_country, assistant, assistant_phone, lead_source, reports_to_id, birthdate, campaign_id) VALUES('add007c8-3563-6370-0073-546f0b371eb1', '2014-11-21 09:53:39', '2014-11-21 09:53:39', '1', '1', NULL, 0, 'seed_max_id', NULL, 'Octavio', 'Wimer', 'VP Sales', NULL, 0, '(338) 177-6261', '(887) 942-5798', '(768) 668-9664', NULL, NULL, '777 West Filmore Ln', 'Santa Monica', 'CA', '59564', 'USA', NULL, NULL, NULL, NULL, NULL, NULL, NULL, 'Campaign', NULL, NULL, NULL);
INSERT INTO contacts (id, date_entered, date_modified, modified_user_id, created_by, description, deleted, assigned_user_id, salutation, first_name, last_name, title, department, do_not_call, phone_home, phone_mobile, phone_work, phone_other, phone_fax, primary_address_street, primary_address_city, primary_address_state, primary_address_postalcode, primary_address_country, alt_address_street, alt_address_city, alt_address_state, alt_address_postalcode, alt_address_country, assistant, assistant_phone, lead_source, reports_to_id, birthdate, campaign_id) VALUES('af7efacd-1add-248b-0988-546f0bdab9da', '2014-11-21 09:53:39', '2014-11-21 09:53:39', '1', '1', NULL, 0, 'seed_max_id', NULL, 'Addie', 'Harkness', 'IT Developer', NULL, 0, '(312) 399-0180', '(358) 988-9948', '(718) 596-3387', NULL, NULL, '9 IBM Path', 'Persistance', 'CA', '54670', 'USA', NULL, NULL, NULL, NULL, NULL, NULL, NULL, 'Other', NULL, NULL, NULL);
INSERT INTO contacts (id, date_entered, date_modified, modified_user_id, created_by, description, deleted, assigned_user_id, salutation, first_name, last_name, title, department, do_not_call, phone_home, phone_mobile, phone_work, phone_other, phone_fax, primary_address_street, primary_address_city, primary_address_state, primary_address_postalcode, primary_address_country, alt_address_street, alt_address_city, alt_address_state, alt_address_postalcode, alt_address_country, assistant, assistant_phone, lead_source, reports_to_id, birthdate, campaign_id) VALUES('b01d409a-5c39-3d7e-6a12-546f0bcad116', '2014-11-21 09:53:39', '2014-11-21 09:53:39', '1', '1', NULL, 0, 'seed_max_id', NULL, 'Rosalia', 'Bayliss', 'IT Developer', NULL, 0, '(543) 829-2516', '(670) 415-5340', '(837) 154-8409', NULL, NULL, '345 Sugar Blvd.', 'San Mateo', 'CA', '59534', 'USA', NULL, NULL, NULL, NULL, NULL, NULL, NULL, 'Email', NULL, NULL, NULL);
INSERT INTO contacts (id, date_entered, date_modified, modified_user_id, created_by, description, deleted, assigned_user_id, salutation, first_name, last_name, title, department, do_not_call, phone_home, phone_mobile, phone_work, phone_other, phone_fax, primary_address_street, primary_address_city, primary_address_state, primary_address_postalcode, primary_address_country, alt_address_street, alt_address_city, alt_address_state, alt_address_postalcode, alt_address_country, assistant, assistant_phone, lead_source, reports_to_id, birthdate, campaign_id) VALUES('b21d9e72-9fa0-cb85-df9b-546f0bd4ef33', '2014-11-21 09:53:39', '2014-11-21 09:53:39', '1', '1', NULL, 0, 'seed_sally_id', NULL, 'Drew', 'Schwager', 'Director Operations', NULL, 0, '(334) 707-5341', '(878) 015-9278', '(524) 930-1297', NULL, NULL, '48920 San Carlos Ave', 'Persistance', 'CA', '53471', 'USA', NULL, NULL, NULL, NULL, NULL, NULL, NULL, 'Trade Show', NULL, NULL, NULL);
INSERT INTO contacts (id, date_entered, date_modified, modified_user_id, created_by, description, deleted, assigned_user_id, salutation, first_name, last_name, title, department, do_not_call, phone_home, phone_mobile, phone_work, phone_other, phone_fax, primary_address_street, primary_address_city, primary_address_state, primary_address_postalcode, primary_address_country, alt_address_street, alt_address_city, alt_address_state, alt_address_postalcode, alt_address_country, assistant, assistant_phone, lead_source, reports_to_id, birthdate, campaign_id) VALUES('b376671e-d789-c684-380b-546f0b604a04', '2014-11-21 09:53:39', '2014-11-21 09:53:39', '1', '1', NULL, 0, 'seed_max_id', NULL, 'Eva', 'Marriott', 'VP Sales', NULL, 0, '(568) 537-0183', '(741) 207-1699', '(285) 648-0768', NULL, NULL, '345 Sugar Blvd.', 'San Mateo', 'CA', '27319', 'USA', NULL, NULL, NULL, NULL, NULL, NULL, NULL, 'Campaign', NULL, NULL, NULL);
INSERT INTO contacts (id, date_entered, date_modified, modified_user_id, created_by, description, deleted, assigned_user_id, salutation, first_name, last_name, title, department, do_not_call, phone_home, phone_mobile, phone_work, phone_other, phone_fax, primary_address_street, primary_address_city, primary_address_state, primary_address_postalcode, primary_address_country, alt_address_street, alt_address_city, alt_address_state, alt_address_postalcode, alt_address_country, assistant, assistant_phone, lead_source, reports_to_id, birthdate, campaign_id) VALUES('b4547339-2268-1a53-c622-546f0b10267b', '2014-11-21 09:53:39', '2014-11-21 09:53:39', '1', '1', NULL, 0, 'seed_sally_id', NULL, 'Noel', 'Mancuso', 'President', NULL, 0, '(208) 161-4481', '(906) 514-7375', '(922) 768-6356', NULL, NULL, '9 IBM Path', 'Denver', 'CA', '28928', 'USA', NULL, NULL, NULL, NULL, NULL, NULL, NULL, 'Web Site', NULL, NULL, NULL);
INSERT INTO contacts (id, date_entered, date_modified, modified_user_id, created_by, description, deleted, assigned_user_id, salutation, first_name, last_name, title, department, do_not_call, phone_home, phone_mobile, phone_work, phone_other, phone_fax, primary_address_street, primary_address_city, primary_address_state, primary_address_postalcode, primary_address_country, alt_address_street, alt_address_city, alt_address_state, alt_address_postalcode, alt_address_country, assistant, assistant_phone, lead_source, reports_to_id, birthdate, campaign_id) VALUES('b5476113-3dd3-3cc4-2004-546f0b479de4', '2014-11-21 09:53:39', '2014-11-21 09:53:39', '1', '1', NULL, 0, 'seed_sally_id', NULL, 'Bettie', 'Xavier', 'President', NULL, 0, '(643) 366-2503', '(895) 782-1780', '(758) 290-9051', NULL, NULL, '67321 West Siam St.', 'San Francisco', 'CA', '59014', 'USA', NULL, NULL, NULL, NULL, NULL, NULL, NULL, 'Cold Call', NULL, NULL, NULL);
INSERT INTO contacts (id, date_entered, date_modified, modified_user_id, created_by, description, deleted, assigned_user_id, salutation, first_name, last_name, title, department, do_not_call, phone_home, phone_mobile, phone_work, phone_other, phone_fax, primary_address_street, primary_address_city, primary_address_state, primary_address_postalcode, primary_address_country, alt_address_street, alt_address_city, alt_address_state, alt_address_postalcode, alt_address_country, assistant, assistant_phone, lead_source, reports_to_id, birthdate, campaign_id) VALUES('b5d2ec6a-2a34-536e-720d-546f0be3db74', '2014-11-21 09:53:39', '2014-11-21 09:53:39', '1', '1', NULL, 0, 'seed_max_id', NULL, 'Dustin', 'Pablo', 'Director Sales', NULL, 0, '(862) 700-2362', '(808) 275-4196', '(708) 740-0387', NULL, NULL, '321 University Ave.', 'Denver', 'CA', '51138', 'USA', NULL, NULL, NULL, NULL, NULL, NULL, NULL, 'Word of mouth', NULL, NULL, NULL);
INSERT INTO contacts (id, date_entered, date_modified, modified_user_id, created_by, description, deleted, assigned_user_id, salutation, first_name, last_name, title, department, do_not_call, phone_home, phone_mobile, phone_work, phone_other, phone_fax, primary_address_street, primary_address_city, primary_address_state, primary_address_postalcode, primary_address_country, alt_address_street, alt_address_city, alt_address_state, alt_address_postalcode, alt_address_country, assistant, assistant_phone, lead_source, reports_to_id, birthdate, campaign_id) VALUES('b6651028-1e5b-7ec6-6056-546f0b4682c3', '2014-11-21 09:53:39', '2014-11-21 09:53:39', '1', '1', NULL, 0, 'seed_chris_id', NULL, 'Loraine', 'Mcqueary', 'IT Developer', NULL, 0, '(030) 657-7667', '(817) 539-6133', '(451) 741-7345', NULL, NULL, '777 West Filmore Ln', 'San Jose', 'NY', '40466', 'USA', NULL, NULL, NULL, NULL, NULL, NULL, NULL, 'Existing Customer', NULL, NULL, NULL);
INSERT INTO contacts (id, date_entered, date_modified, modified_user_id, created_by, description, deleted, assigned_user_id, salutation, first_name, last_name, title, department, do_not_call, phone_home, phone_mobile, phone_work, phone_other, phone_fax, primary_address_street, primary_address_city, primary_address_state, primary_address_postalcode, primary_address_country, alt_address_street, alt_address_city, alt_address_state, alt_address_postalcode, alt_address_country, assistant, assistant_phone, lead_source, reports_to_id, birthdate, campaign_id) VALUES('b8343687-c5bc-f36c-9602-546f0b5b1f8f', '2014-11-21 09:53:39', '2014-11-21 09:53:39', '1', '1', NULL, 0, 'seed_max_id', NULL, 'Ethel', 'Marmol', 'Senior Product Manager', NULL, 0, '(912) 126-4159', '(145) 672-7523', '(423) 478-6638', NULL, NULL, '111 Silicon Valley Road', 'Los Angeles', 'CA', '33952', 'USA', NULL, NULL, NULL, NULL, NULL, NULL, NULL, 'Self Generated', NULL, NULL, NULL);
INSERT INTO contacts (id, date_entered, date_modified, modified_user_id, created_by, description, deleted, assigned_user_id, salutation, first_name, last_name, title, department, do_not_call, phone_home, phone_mobile, phone_work, phone_other, phone_fax, primary_address_street, primary_address_city, primary_address_state, primary_address_postalcode, primary_address_country, alt_address_street, alt_address_city, alt_address_state, alt_address_postalcode, alt_address_country, assistant, assistant_phone, lead_source, reports_to_id, birthdate, campaign_id) VALUES('b838794c-f5dd-d93d-c596-546f0be3a35e', '2014-11-21 09:53:39', '2014-11-21 09:53:39', '1', '1', NULL, 0, 'seed_will_id', NULL, 'Sherwood', 'Sane', 'VP Operations', NULL, 0, '(760) 163-6802', '(892) 386-7188', '(279) 159-5511', NULL, NULL, '999 Baker Way', 'Salt Lake City', 'NY', '81732', 'USA', NULL, NULL, NULL, NULL, NULL, NULL, NULL, 'Word of mouth', NULL, NULL, NULL);
INSERT INTO contacts (id, date_entered, date_modified, modified_user_id, created_by, description, deleted, assigned_user_id, salutation, first_name, last_name, title, department, do_not_call, phone_home, phone_mobile, phone_work, phone_other, phone_fax, primary_address_street, primary_address_city, primary_address_state, primary_address_postalcode, primary_address_country, alt_address_street, alt_address_city, alt_address_state, alt_address_postalcode, alt_address_country, assistant, assistant_phone, lead_source, reports_to_id, birthdate, campaign_id) VALUES('b8650096-12a6-3697-5526-546f0bc9de76', '2014-11-21 09:53:39', '2014-11-21 09:53:39', '1', '1', NULL, 0, 'seed_will_id', NULL, 'Amy', 'Bradburn', 'IT Developer', NULL, 0, '(132) 325-7115', '(744) 518-3604', '(178) 142-2503', NULL, NULL, '111 Silicon Valley Road', 'Santa Monica', 'NY', '86219', 'USA', NULL, NULL, NULL, NULL, NULL, NULL, NULL, 'Email', NULL, NULL, NULL);
INSERT INTO contacts (id, date_entered, date_modified, modified_user_id, created_by, description, deleted, assigned_user_id, salutation, first_name, last_name, title, department, do_not_call, phone_home, phone_mobile, phone_work, phone_other, phone_fax, primary_address_street, primary_address_city, primary_address_state, primary_address_postalcode, primary_address_country, alt_address_street, alt_address_city, alt_address_state, alt_address_postalcode, alt_address_country, assistant, assistant_phone, lead_source, reports_to_id, birthdate, campaign_id) VALUES('b95d4bbf-cc48-ef84-d80f-546f0b3387c7', '2014-11-21 09:53:39', '2014-11-21 09:53:39', '1', '1', NULL, 0, 'seed_chris_id', NULL, 'Anderson', 'Blose', 'VP Operations', NULL, 0, '(915) 356-6481', '(238) 865-9668', '(670) 216-1920', NULL, NULL, '999 Baker Way', 'Santa Monica', 'NY', '11065', 'USA', NULL, NULL, NULL, NULL, NULL, NULL, NULL, 'Self Generated', NULL, NULL, NULL);
INSERT INTO contacts (id, date_entered, date_modified, modified_user_id, created_by, description, deleted, assigned_user_id, salutation, first_name, last_name, title, department, do_not_call, phone_home, phone_mobile, phone_work, phone_other, phone_fax, primary_address_street, primary_address_city, primary_address_state, primary_address_postalcode, primary_address_country, alt_address_street, alt_address_city, alt_address_state, alt_address_postalcode, alt_address_country, assistant, assistant_phone, lead_source, reports_to_id, birthdate, campaign_id) VALUES('bb1aaccd-7e56-8ce6-2294-546f0bb37005', '2014-11-21 09:53:39', '2014-11-21 09:53:39', '1', '1', NULL, 0, 'seed_max_id', NULL, 'Naomi', 'Karpinski', 'Senior Product Manager', NULL, 0, '(470) 433-9077', '(309) 111-0282', '(254) 443-1339', NULL, NULL, '1715 Scott Dr', 'San Francisco', 'CA', '92238', 'USA', NULL, NULL, NULL, NULL, NULL, NULL, NULL, 'Cold Call', NULL, NULL, NULL);
INSERT INTO contacts (id, date_entered, date_modified, modified_user_id, created_by, description, deleted, assigned_user_id, salutation, first_name, last_name, title, department, do_not_call, phone_home, phone_mobile, phone_work, phone_other, phone_fax, primary_address_street, primary_address_city, primary_address_state, primary_address_postalcode, primary_address_country, alt_address_street, alt_address_city, alt_address_state, alt_address_postalcode, alt_address_country, assistant, assistant_phone, lead_source, reports_to_id, birthdate, campaign_id) VALUES('bc19e2cf-7653-c9ce-53eb-546f0b33c803', '2014-11-21 09:53:39', '2014-11-21 09:53:39', '1', '1', NULL, 0, 'seed_will_id', NULL, 'Katie', 'Chagnon', 'Director Sales', NULL, 0, '(849) 935-1954', '(917) 861-2651', '(450) 440-8982', NULL, NULL, '345 Sugar Blvd.', 'Salt Lake City', 'NY', '44256', 'USA', NULL, NULL, NULL, NULL, NULL, NULL, NULL, 'Other', NULL, NULL, NULL);
INSERT INTO contacts (id, date_entered, date_modified, modified_user_id, created_by, description, deleted, assigned_user_id, salutation, first_name, last_name, title, department, do_not_call, phone_home, phone_mobile, phone_work, phone_other, phone_fax, primary_address_street, primary_address_city, primary_address_state, primary_address_postalcode, primary_address_country, alt_address_street, alt_address_city, alt_address_state, alt_address_postalcode, alt_address_country, assistant, assistant_phone, lead_source, reports_to_id, birthdate, campaign_id) VALUES('bcbb5f5f-aa05-038c-e725-546f0bb93ded', '2014-11-21 09:53:39', '2014-11-21 09:53:39', '1', '1', NULL, 0, 'seed_sarah_id', NULL, 'Myles', 'Ashcroft', 'VP Sales', NULL, 0, '(559) 698-9703', '(646) 767-5025', '(423) 326-3312', NULL, NULL, '111 Silicon Valley Road', 'Sunnyvale', 'CA', '50322', 'USA', NULL, NULL, NULL, NULL, NULL, NULL, NULL, 'Email', NULL, NULL, NULL);
INSERT INTO contacts (id, date_entered, date_modified, modified_user_id, created_by, description, deleted, assigned_user_id, salutation, first_name, last_name, title, department, do_not_call, phone_home, phone_mobile, phone_work, phone_other, phone_fax, primary_address_street, primary_address_city, primary_address_state, primary_address_postalcode, primary_address_country, alt_address_street, alt_address_city, alt_address_state, alt_address_postalcode, alt_address_country, assistant, assistant_phone, lead_source, reports_to_id, birthdate, campaign_id) VALUES('bcc98c5c-0951-3e30-48bb-546f0b9ddbbc', '2014-11-21 09:53:39', '2014-11-21 09:53:39', '1', '1', NULL, 0, 'seed_will_id', NULL, 'Susanna', 'Lindgren', 'IT Developer', NULL, 0, '(274) 236-0123', '(790) 516-4148', '(765) 463-2326', NULL, NULL, '1715 Scott Dr', 'Denver', 'NY', '41067', 'USA', NULL, NULL, NULL, NULL, NULL, NULL, NULL, 'Direct Mail', NULL, NULL, NULL);
INSERT INTO contacts (id, date_entered, date_modified, modified_user_id, created_by, description, deleted, assigned_user_id, salutation, first_name, last_name, title, department, do_not_call, phone_home, phone_mobile, phone_work, phone_other, phone_fax, primary_address_street, primary_address_city, primary_address_state, primary_address_postalcode, primary_address_country, alt_address_street, alt_address_city, alt_address_state, alt_address_postalcode, alt_address_country, assistant, assistant_phone, lead_source, reports_to_id, birthdate, campaign_id) VALUES('bf87050d-b1d3-d88e-8600-546f0b94f06a', '2014-11-21 09:53:39', '2014-11-21 09:53:39', '1', '1', NULL, 0, 'seed_sally_id', NULL, 'Deidra', 'Salem', 'President', NULL, 0, '(934) 248-3883', '(853) 685-7267', '(133) 016-3324', NULL, NULL, '9 IBM Path', 'Kansas City', 'CA', '61214', 'USA', NULL, NULL, NULL, NULL, NULL, NULL, NULL, 'Web Site', NULL, NULL, NULL);
INSERT INTO contacts (id, date_entered, date_modified, modified_user_id, created_by, description, deleted, assigned_user_id, salutation, first_name, last_name, title, department, do_not_call, phone_home, phone_mobile, phone_work, phone_other, phone_fax, primary_address_street, primary_address_city, primary_address_state, primary_address_postalcode, primary_address_country, alt_address_street, alt_address_city, alt_address_state, alt_address_postalcode, alt_address_country, assistant, assistant_phone, lead_source, reports_to_id, birthdate, campaign_id) VALUES('bff67709-fcc2-5d80-de62-546f0bc5cbc3', '2014-11-21 09:53:39', '2014-11-21 09:53:39', '1', '1', NULL, 0, 'seed_chris_id', NULL, 'Ola', 'Bullins', 'VP Operations', NULL, 0, '(599) 055-2457', '(341) 918-8645', '(551) 913-0741', NULL, NULL, '345 Sugar Blvd.', 'Santa Fe', 'NY', '54579', 'USA', NULL, NULL, NULL, NULL, NULL, NULL, NULL, 'Cold Call', NULL, NULL, NULL);
INSERT INTO contacts (id, date_entered, date_modified, modified_user_id, created_by, description, deleted, assigned_user_id, salutation, first_name, last_name, title, department, do_not_call, phone_home, phone_mobile, phone_work, phone_other, phone_fax, primary_address_street, primary_address_city, primary_address_state, primary_address_postalcode, primary_address_country, alt_address_street, alt_address_city, alt_address_state, alt_address_postalcode, alt_address_country, assistant, assistant_phone, lead_source, reports_to_id, birthdate, campaign_id) VALUES('c0c0e8fb-a817-b1e2-2eb4-546f0bf4db1f', '2014-11-21 09:53:39', '2014-11-21 09:53:39', '1', '1', NULL, 0, 'seed_will_id', NULL, 'Laverne', 'Hendricks', 'Director Sales', NULL, 0, '(293) 279-4448', '(637) 000-3243', '(670) 884-3298', NULL, NULL, '1715 Scott Dr', 'Sunnyvale', 'NY', '35458', 'USA', NULL, NULL, NULL, NULL, NULL, NULL, NULL, 'Cold Call', NULL, NULL, NULL);
INSERT INTO contacts (id, date_entered, date_modified, modified_user_id, created_by, description, deleted, assigned_user_id, salutation, first_name, last_name, title, department, do_not_call, phone_home, phone_mobile, phone_work, phone_other, phone_fax, primary_address_street, primary_address_city, primary_address_state, primary_address_postalcode, primary_address_country, alt_address_street, alt_address_city, alt_address_state, alt_address_postalcode, alt_address_country, assistant, assistant_phone, lead_source, reports_to_id, birthdate, campaign_id) VALUES('c54ad771-ee21-bf0a-f8fd-546f0b551521', '2014-11-21 09:53:39', '2014-11-21 09:53:39', '1', '1', NULL, 0, 'seed_max_id', NULL, 'Violet', 'Raker', 'President', NULL, 0, '(668) 736-7078', '(588) 239-4106', '(121) 908-8941', NULL, NULL, '9 IBM Path', 'Ohio', 'CA', '48179', 'USA', NULL, NULL, NULL, NULL, NULL, NULL, NULL, 'Other', NULL, NULL, NULL);
INSERT INTO contacts (id, date_entered, date_modified, modified_user_id, created_by, description, deleted, assigned_user_id, salutation, first_name, last_name, title, department, do_not_call, phone_home, phone_mobile, phone_work, phone_other, phone_fax, primary_address_street, primary_address_city, primary_address_state, primary_address_postalcode, primary_address_country, alt_address_street, alt_address_city, alt_address_state, alt_address_postalcode, alt_address_country, assistant, assistant_phone, lead_source, reports_to_id, birthdate, campaign_id) VALUES('c5ada6a4-2f2b-ad0a-72c3-546f0b3296af', '2014-11-21 09:53:39', '2014-11-21 09:53:39', '1', '1', NULL, 0, 'seed_max_id', NULL, 'Isreal', 'Phillip', 'Director Operations', NULL, 0, '(023) 820-7617', '(597) 416-4033', '(726) 401-7286', NULL, NULL, '999 Baker Way', 'Ohio', 'CA', '27744', 'USA', NULL, NULL, NULL, NULL, NULL, NULL, NULL, 'Partner', NULL, NULL, NULL);
INSERT INTO contacts (id, date_entered, date_modified, modified_user_id, created_by, description, deleted, assigned_user_id, salutation, first_name, last_name, title, department, do_not_call, phone_home, phone_mobile, phone_work, phone_other, phone_fax, primary_address_street, primary_address_city, primary_address_state, primary_address_postalcode, primary_address_country, alt_address_street, alt_address_city, alt_address_state, alt_address_postalcode, alt_address_country, assistant, assistant_phone, lead_source, reports_to_id, birthdate, campaign_id) VALUES('c63b63af-fdfe-11ee-ea27-546f0b456513', '2014-11-21 09:53:39', '2014-11-21 09:53:39', '1', '1', NULL, 0, 'seed_will_id', NULL, 'Brad', 'Popovich', 'Senior Product Manager', NULL, 0, '(518) 219-9758', '(732) 951-3690', '(093) 714-6024', NULL, NULL, '1715 Scott Dr', 'Santa Fe', 'NY', '88246', 'USA', NULL, NULL, NULL, NULL, NULL, NULL, NULL, '', NULL, NULL, NULL);
INSERT INTO contacts (id, date_entered, date_modified, modified_user_id, created_by, description, deleted, assigned_user_id, salutation, first_name, last_name, title, department, do_not_call, phone_home, phone_mobile, phone_work, phone_other, phone_fax, primary_address_street, primary_address_city, primary_address_state, primary_address_postalcode, primary_address_country, alt_address_street, alt_address_city, alt_address_state, alt_address_postalcode, alt_address_country, assistant, assistant_phone, lead_source, reports_to_id, birthdate, campaign_id) VALUES('c6da6801-f3e9-d0f1-e7ed-546f0b65dfe9', '2014-11-21 09:53:39', '2014-11-21 09:53:39', '1', '1', NULL, 0, 'seed_max_id', NULL, 'Shannon', 'Grandison', 'Director Operations', NULL, 0, '(722) 489-9815', '(243) 340-9194', '(342) 667-0164', NULL, NULL, '123 Anywhere Street', 'St. Petersburg', 'CA', '39261', 'USA', NULL, NULL, NULL, NULL, NULL, NULL, NULL, 'Employee', NULL, NULL, NULL);
INSERT INTO contacts (id, date_entered, date_modified, modified_user_id, created_by, description, deleted, assigned_user_id, salutation, first_name, last_name, title, department, do_not_call, phone_home, phone_mobile, phone_work, phone_other, phone_fax, primary_address_street, primary_address_city, primary_address_state, primary_address_postalcode, primary_address_country, alt_address_street, alt_address_city, alt_address_state, alt_address_postalcode, alt_address_country, assistant, assistant_phone, lead_source, reports_to_id, birthdate, campaign_id) VALUES('c7b9fb42-3679-41ae-1f62-546f0b159aaf', '2014-11-21 09:53:39', '2014-11-21 09:53:39', '1', '1', NULL, 0, 'seed_sarah_id', NULL, 'Michael', 'Whitlock', 'Senior Product Manager', NULL, 0, '(038) 762-7910', '(604) 442-6612', '(887) 931-9229', NULL, NULL, '48920 San Carlos Ave', 'Persistance', 'CA', '33316', 'USA', NULL, NULL, NULL, NULL, NULL, NULL, NULL, 'Cold Call', NULL, NULL, NULL);
INSERT INTO contacts (id, date_entered, date_modified, modified_user_id, created_by, description, deleted, assigned_user_id, salutation, first_name, last_name, title, department, do_not_call, phone_home, phone_mobile, phone_work, phone_other, phone_fax, primary_address_street, primary_address_city, primary_address_state, primary_address_postalcode, primary_address_country, alt_address_street, alt_address_city, alt_address_state, alt_address_postalcode, alt_address_country, assistant, assistant_phone, lead_source, reports_to_id, birthdate, campaign_id) VALUES('c8b80734-459f-6ed0-c115-546f0b04335b', '2014-11-21 09:53:39', '2014-11-21 09:53:39', '1', '1', NULL, 0, 'seed_sally_id', NULL, 'Brandon', 'Beckles', 'VP Sales', NULL, 0, '(179) 459-1082', '(101) 196-1649', '(939) 642-5153', NULL, NULL, '48920 San Carlos Ave', 'Salt Lake City', 'CA', '55081', 'USA', NULL, NULL, NULL, NULL, NULL, NULL, NULL, 'Direct Mail', NULL, NULL, NULL);
INSERT INTO contacts (id, date_entered, date_modified, modified_user_id, created_by, description, deleted, assigned_user_id, salutation, first_name, last_name, title, department, do_not_call, phone_home, phone_mobile, phone_work, phone_other, phone_fax, primary_address_street, primary_address_city, primary_address_state, primary_address_postalcode, primary_address_country, alt_address_street, alt_address_city, alt_address_state, alt_address_postalcode, alt_address_country, assistant, assistant_phone, lead_source, reports_to_id, birthdate, campaign_id) VALUES('c9de23fc-c9c9-65a0-6fbb-546f0b98c833', '2014-11-21 09:53:39', '2014-11-21 09:53:39', '1', '1', NULL, 0, 'seed_will_id', NULL, 'Kelly', 'Urias', 'Director Operations', NULL, 0, '(477) 184-2041', '(571) 669-1236', '(428) 571-1228', NULL, NULL, '9 IBM Path', 'San Mateo', 'NY', '71467', 'USA', NULL, NULL, NULL, NULL, NULL, NULL, NULL, 'Public Relations', NULL, NULL, NULL);
INSERT INTO contacts (id, date_entered, date_modified, modified_user_id, created_by, description, deleted, assigned_user_id, salutation, first_name, last_name, title, department, do_not_call, phone_home, phone_mobile, phone_work, phone_other, phone_fax, primary_address_street, primary_address_city, primary_address_state, primary_address_postalcode, primary_address_country, alt_address_street, alt_address_city, alt_address_state, alt_address_postalcode, alt_address_country, assistant, assistant_phone, lead_source, reports_to_id, birthdate, campaign_id) VALUES('cbca2eaf-82f8-23c7-f657-546f0beed34c', '2014-11-21 09:53:39', '2014-11-21 09:53:39', '1', '1', NULL, 0, 'seed_chris_id', NULL, 'Kathie', 'Burkhead', 'Senior Product Manager', NULL, 0, '(782) 841-0506', '(345) 868-4850', '(261) 958-1165', NULL, NULL, '123 Anywhere Street', 'San Francisco', 'NY', '95054', 'USA', NULL, NULL, NULL, NULL, NULL, NULL, NULL, 'Self Generated', NULL, NULL, NULL);
INSERT INTO contacts (id, date_entered, date_modified, modified_user_id, created_by, description, deleted, assigned_user_id, salutation, first_name, last_name, title, department, do_not_call, phone_home, phone_mobile, phone_work, phone_other, phone_fax, primary_address_street, primary_address_city, primary_address_state, primary_address_postalcode, primary_address_country, alt_address_street, alt_address_city, alt_address_state, alt_address_postalcode, alt_address_country, assistant, assistant_phone, lead_source, reports_to_id, birthdate, campaign_id) VALUES('cc824d62-e958-05cb-89ba-546f0bcae401', '2014-11-21 09:53:39', '2014-11-21 09:53:39', '1', '1', NULL, 0, 'seed_sally_id', NULL, 'Rita', 'Dahmen', 'President', NULL, 0, '(112) 317-1818', '(726) 203-5337', '(797) 609-9086', NULL, NULL, '777 West Filmore Ln', 'Kansas City', 'CA', '46096', 'USA', NULL, NULL, NULL, NULL, NULL, NULL, NULL, 'Word of mouth', NULL, NULL, NULL);
INSERT INTO contacts (id, date_entered, date_modified, modified_user_id, created_by, description, deleted, assigned_user_id, salutation, first_name, last_name, title, department, do_not_call, phone_home, phone_mobile, phone_work, phone_other, phone_fax, primary_address_street, primary_address_city, primary_address_state, primary_address_postalcode, primary_address_country, alt_address_street, alt_address_city, alt_address_state, alt_address_postalcode, alt_address_country, assistant, assistant_phone, lead_source, reports_to_id, birthdate, campaign_id) VALUES('cca778f0-f299-34a4-f6a0-546f0bac6719', '2014-11-21 09:53:39', '2014-11-21 09:53:39', '1', '1', NULL, 0, 'seed_sally_id', NULL, 'Gayla', 'Bowden', 'VP Operations', NULL, 0, '(512) 149-9711', '(183) 048-6833', '(076) 580-9985', NULL, NULL, '345 Sugar Blvd.', 'Ohio', 'CA', '56326', 'USA', NULL, NULL, NULL, NULL, NULL, NULL, NULL, 'Conference', NULL, NULL, NULL);
INSERT INTO contacts (id, date_entered, date_modified, modified_user_id, created_by, description, deleted, assigned_user_id, salutation, first_name, last_name, title, department, do_not_call, phone_home, phone_mobile, phone_work, phone_other, phone_fax, primary_address_street, primary_address_city, primary_address_state, primary_address_postalcode, primary_address_country, alt_address_street, alt_address_city, alt_address_state, alt_address_postalcode, alt_address_country, assistant, assistant_phone, lead_source, reports_to_id, birthdate, campaign_id) VALUES('cdda0b2b-0d8f-beaf-451e-546f0b50fd7b', '2014-11-21 09:53:39', '2014-11-21 09:53:39', '1', '1', NULL, 0, 'seed_sarah_id', NULL, 'Dick', 'Fisher', 'Senior Product Manager', NULL, 0, '(672) 677-3912', '(558) 681-5475', '(662) 475-2833', NULL, NULL, '9 IBM Path', 'St. Petersburg', 'CA', '56187', 'USA', NULL, NULL, NULL, NULL, NULL, NULL, NULL, 'Public Relations', NULL, NULL, NULL);
INSERT INTO contacts (id, date_entered, date_modified, modified_user_id, created_by, description, deleted, assigned_user_id, salutation, first_name, last_name, title, department, do_not_call, phone_home, phone_mobile, phone_work, phone_other, phone_fax, primary_address_street, primary_address_city, primary_address_state, primary_address_postalcode, primary_address_country, alt_address_street, alt_address_city, alt_address_state, alt_address_postalcode, alt_address_country, assistant, assistant_phone, lead_source, reports_to_id, birthdate, campaign_id) VALUES('cde31ee3-6bc9-06b4-76d8-546f0b50371c', '2014-11-21 09:53:39', '2014-11-21 09:53:39', '1', '1', NULL, 0, 'seed_will_id', NULL, 'Trenton', 'Jinks', 'Director Operations', NULL, 0, '(733) 536-7635', '(726) 604-1455', '(017) 082-6169', NULL, NULL, '345 Sugar Blvd.', 'Persistance', 'NY', '62569', 'USA', NULL, NULL, NULL, NULL, NULL, NULL, NULL, 'Employee', NULL, NULL, NULL);
INSERT INTO contacts (id, date_entered, date_modified, modified_user_id, created_by, description, deleted, assigned_user_id, salutation, first_name, last_name, title, department, do_not_call, phone_home, phone_mobile, phone_work, phone_other, phone_fax, primary_address_street, primary_address_city, primary_address_state, primary_address_postalcode, primary_address_country, alt_address_street, alt_address_city, alt_address_state, alt_address_postalcode, alt_address_country, assistant, assistant_phone, lead_source, reports_to_id, birthdate, campaign_id) VALUES('cf66a9d0-74c8-2e60-8674-546f0b288246', '2014-11-21 09:53:39', '2014-11-21 09:53:39', '1', '1', NULL, 0, 'seed_sarah_id', NULL, 'Cory', 'Paulin', 'VP Sales', NULL, 0, '(090) 455-9839', '(778) 994-6278', '(181) 532-5102', NULL, NULL, '67321 West Siam St.', 'Kansas City', 'CA', '61127', 'USA', NULL, NULL, NULL, NULL, NULL, NULL, NULL, 'Direct Mail', NULL, NULL, NULL);
INSERT INTO contacts (id, date_entered, date_modified, modified_user_id, created_by, description, deleted, assigned_user_id, salutation, first_name, last_name, title, department, do_not_call, phone_home, phone_mobile, phone_work, phone_other, phone_fax, primary_address_street, primary_address_city, primary_address_state, primary_address_postalcode, primary_address_country, alt_address_street, alt_address_city, alt_address_state, alt_address_postalcode, alt_address_country, assistant, assistant_phone, lead_source, reports_to_id, birthdate, campaign_id) VALUES('d112487b-e333-49fc-0d96-546f0b3a367d', '2014-11-21 09:53:39', '2014-11-21 09:53:39', '1', '1', NULL, 0, 'seed_max_id', NULL, 'Colton', 'Ranck', 'IT Developer', NULL, 0, '(949) 755-0508', '(161) 305-9460', '(235) 040-1341', NULL, NULL, '345 Sugar Blvd.', 'San Jose', 'CA', '94584', 'USA', NULL, NULL, NULL, NULL, NULL, NULL, NULL, 'Campaign', NULL, NULL, NULL);
INSERT INTO contacts (id, date_entered, date_modified, modified_user_id, created_by, description, deleted, assigned_user_id, salutation, first_name, last_name, title, department, do_not_call, phone_home, phone_mobile, phone_work, phone_other, phone_fax, primary_address_street, primary_address_city, primary_address_state, primary_address_postalcode, primary_address_country, alt_address_street, alt_address_city, alt_address_state, alt_address_postalcode, alt_address_country, assistant, assistant_phone, lead_source, reports_to_id, birthdate, campaign_id) VALUES('d23ce4c3-eb24-e28f-3378-546f0b9b5606', '2014-11-21 09:53:39', '2014-11-21 09:53:39', '1', '1', NULL, 0, 'seed_chris_id', NULL, 'Dewey', 'Dansereau', 'Director Sales', NULL, 0, '(976) 055-5251', '(467) 887-7635', '(386) 567-4509', NULL, NULL, '123 Anywhere Street', 'San Mateo', 'NY', '41075', 'USA', NULL, NULL, NULL, NULL, NULL, NULL, NULL, 'Trade Show', NULL, NULL, NULL);
INSERT INTO contacts (id, date_entered, date_modified, modified_user_id, created_by, description, deleted, assigned_user_id, salutation, first_name, last_name, title, department, do_not_call, phone_home, phone_mobile, phone_work, phone_other, phone_fax, primary_address_street, primary_address_city, primary_address_state, primary_address_postalcode, primary_address_country, alt_address_street, alt_address_city, alt_address_state, alt_address_postalcode, alt_address_country, assistant, assistant_phone, lead_source, reports_to_id, birthdate, campaign_id) VALUES('d3030077-97c6-3680-de14-546f0b41e8c8', '2014-11-21 09:53:39', '2014-11-21 09:53:39', '1', '1', NULL, 0, 'seed_sarah_id', NULL, 'Carey', 'Willaims', 'Director Sales', NULL, 0, '(654) 641-4999', '(056) 758-0767', '(873) 786-0576', NULL, NULL, '1715 Scott Dr', 'Santa Monica', 'CA', '51825', 'USA', NULL, NULL, NULL, NULL, NULL, NULL, NULL, 'Conference', NULL, NULL, NULL);
INSERT INTO contacts (id, date_entered, date_modified, modified_user_id, created_by, description, deleted, assigned_user_id, salutation, first_name, last_name, title, department, do_not_call, phone_home, phone_mobile, phone_work, phone_other, phone_fax, primary_address_street, primary_address_city, primary_address_state, primary_address_postalcode, primary_address_country, alt_address_street, alt_address_city, alt_address_state, alt_address_postalcode, alt_address_country, assistant, assistant_phone, lead_source, reports_to_id, birthdate, campaign_id) VALUES('d459792a-7c6b-34e6-939f-546f0b5d2437', '2014-11-21 09:53:39', '2014-11-21 09:53:39', '1', '1', NULL, 0, 'seed_sarah_id', NULL, 'Callie', 'Arends', 'IT Developer', NULL, 0, '(775) 989-0286', '(023) 776-9983', '(173) 554-3181', NULL, NULL, '48920 San Carlos Ave', 'Santa Fe', 'CA', '25874', 'USA', NULL, NULL, NULL, NULL, NULL, NULL, NULL, 'Partner', NULL, NULL, NULL);
INSERT INTO contacts (id, date_entered, date_modified, modified_user_id, created_by, description, deleted, assigned_user_id, salutation, first_name, last_name, title, department, do_not_call, phone_home, phone_mobile, phone_work, phone_other, phone_fax, primary_address_street, primary_address_city, primary_address_state, primary_address_postalcode, primary_address_country, alt_address_street, alt_address_city, alt_address_state, alt_address_postalcode, alt_address_country, assistant, assistant_phone, lead_source, reports_to_id, birthdate, campaign_id) VALUES('d80324fa-487a-8ee1-c171-546f0bf1a035', '2014-11-21 09:53:39', '2014-11-21 09:53:39', '1', '1', NULL, 0, 'seed_max_id', NULL, 'Marlon', 'Collinsworth', 'IT Developer', NULL, 0, '(610) 923-1440', '(373) 004-7458', '(902) 530-4267', NULL, NULL, '67321 West Siam St.', 'St. Petersburg', 'CA', '11456', 'USA', NULL, NULL, NULL, NULL, NULL, NULL, NULL, 'Web Site', NULL, NULL, NULL);
INSERT INTO contacts (id, date_entered, date_modified, modified_user_id, created_by, description, deleted, assigned_user_id, salutation, first_name, last_name, title, department, do_not_call, phone_home, phone_mobile, phone_work, phone_other, phone_fax, primary_address_street, primary_address_city, primary_address_state, primary_address_postalcode, primary_address_country, alt_address_street, alt_address_city, alt_address_state, alt_address_postalcode, alt_address_country, assistant, assistant_phone, lead_source, reports_to_id, birthdate, campaign_id) VALUES('d8a1a3d7-4258-fd28-8897-546f0bf3fdde', '2014-11-21 09:53:39', '2014-11-21 09:53:39', '1', '1', NULL, 0, 'seed_max_id', NULL, 'Shad', 'Rickards', 'IT Developer', NULL, 0, '(072) 921-3327', '(788) 389-6634', '(129) 200-4977', NULL, NULL, '321 University Ave.', 'San Francisco', 'CA', '34840', 'USA', NULL, NULL, NULL, NULL, NULL, NULL, NULL, 'Existing Customer', NULL, NULL, NULL);
INSERT INTO contacts (id, date_entered, date_modified, modified_user_id, created_by, description, deleted, assigned_user_id, salutation, first_name, last_name, title, department, do_not_call, phone_home, phone_mobile, phone_work, phone_other, phone_fax, primary_address_street, primary_address_city, primary_address_state, primary_address_postalcode, primary_address_country, alt_address_street, alt_address_city, alt_address_state, alt_address_postalcode, alt_address_country, assistant, assistant_phone, lead_source, reports_to_id, birthdate, campaign_id) VALUES('da0b37dd-4603-25c8-a601-546f0b198c4b', '2014-11-21 09:53:39', '2014-11-21 09:53:39', '1', '1', NULL, 0, 'seed_will_id', NULL, 'Elinor', 'Brashears', 'VP Sales', NULL, 0, '(104) 230-3846', '(647) 384-1760', '(210) 650-9161', NULL, NULL, '9 IBM Path', 'Sunnyvale', 'NY', '30440', 'USA', NULL, NULL, NULL, NULL, NULL, NULL, NULL, '', NULL, NULL, NULL);
INSERT INTO contacts (id, date_entered, date_modified, modified_user_id, created_by, description, deleted, assigned_user_id, salutation, first_name, last_name, title, department, do_not_call, phone_home, phone_mobile, phone_work, phone_other, phone_fax, primary_address_street, primary_address_city, primary_address_state, primary_address_postalcode, primary_address_country, alt_address_street, alt_address_city, alt_address_state, alt_address_postalcode, alt_address_country, assistant, assistant_phone, lead_source, reports_to_id, birthdate, campaign_id) VALUES('dab3c734-c7c1-2511-e7c9-546f0b96c7d1', '2014-11-21 09:53:39', '2014-11-21 09:53:39', '1', '1', NULL, 0, 'seed_max_id', NULL, 'Noelle', 'Matsumura', 'Mgr Operations', NULL, 0, '(981) 113-2828', '(497) 655-2063', '(870) 592-4644', NULL, NULL, '1715 Scott Dr', 'Santa Monica', 'CA', '88644', 'USA', NULL, NULL, NULL, NULL, NULL, NULL, NULL, 'Campaign', NULL, NULL, NULL);
INSERT INTO contacts (id, date_entered, date_modified, modified_user_id, created_by, description, deleted, assigned_user_id, salutation, first_name, last_name, title, department, do_not_call, phone_home, phone_mobile, phone_work, phone_other, phone_fax, primary_address_street, primary_address_city, primary_address_state, primary_address_postalcode, primary_address_country, alt_address_street, alt_address_city, alt_address_state, alt_address_postalcode, alt_address_country, assistant, assistant_phone, lead_source, reports_to_id, birthdate, campaign_id) VALUES('dbb983ab-4204-e185-d1eb-546f0b0dd6ff', '2014-11-21 09:53:39', '2014-11-21 09:53:39', '1', '1', NULL, 0, 'seed_max_id', NULL, 'Herschel', 'Greenhill', 'Director Operations', NULL, 0, '(726) 928-2739', '(750) 899-1535', '(530) 566-2970', NULL, NULL, '321 University Ave.', 'Cupertino', 'CA', '49446', 'USA', NULL, NULL, NULL, NULL, NULL, NULL, NULL, 'Partner', NULL, NULL, NULL);
INSERT INTO contacts (id, date_entered, date_modified, modified_user_id, created_by, description, deleted, assigned_user_id, salutation, first_name, last_name, title, department, do_not_call, phone_home, phone_mobile, phone_work, phone_other, phone_fax, primary_address_street, primary_address_city, primary_address_state, primary_address_postalcode, primary_address_country, alt_address_street, alt_address_city, alt_address_state, alt_address_postalcode, alt_address_country, assistant, assistant_phone, lead_source, reports_to_id, birthdate, campaign_id) VALUES('dcb488dc-fc16-8620-7ad6-546f0b8b041f', '2014-11-21 09:53:39', '2014-11-21 09:53:39', '1', '1', NULL, 0, 'seed_sarah_id', NULL, 'Melody', 'Beem', 'Mgr Operations', NULL, 0, '(844) 730-4845', '(461) 926-5817', '(446) 035-9192', NULL, NULL, '9 IBM Path', 'Los Angeles', 'CA', '86202', 'USA', NULL, NULL, NULL, NULL, NULL, NULL, NULL, 'Campaign', NULL, NULL, NULL);
INSERT INTO contacts (id, date_entered, date_modified, modified_user_id, created_by, description, deleted, assigned_user_id, salutation, first_name, last_name, title, department, do_not_call, phone_home, phone_mobile, phone_work, phone_other, phone_fax, primary_address_street, primary_address_city, primary_address_state, primary_address_postalcode, primary_address_country, alt_address_street, alt_address_city, alt_address_state, alt_address_postalcode, alt_address_country, assistant, assistant_phone, lead_source, reports_to_id, birthdate, campaign_id) VALUES('dcd2b2da-6ca4-01ca-519c-546f0b39c105', '2014-11-21 09:53:39', '2014-11-21 09:53:39', '1', '1', NULL, 0, 'seed_sally_id', NULL, 'Shari', 'Delatorre', 'Senior Product Manager', NULL, 0, '(216) 805-8534', '(863) 341-6285', '(344) 662-9864', NULL, NULL, '777 West Filmore Ln', 'San Francisco', 'CA', '35615', 'USA', NULL, NULL, NULL, NULL, NULL, NULL, NULL, 'Trade Show', NULL, NULL, NULL);
INSERT INTO contacts (id, date_entered, date_modified, modified_user_id, created_by, description, deleted, assigned_user_id, salutation, first_name, last_name, title, department, do_not_call, phone_home, phone_mobile, phone_work, phone_other, phone_fax, primary_address_street, primary_address_city, primary_address_state, primary_address_postalcode, primary_address_country, alt_address_street, alt_address_city, alt_address_state, alt_address_postalcode, alt_address_country, assistant, assistant_phone, lead_source, reports_to_id, birthdate, campaign_id) VALUES('dd9ab80b-f655-2af2-76b0-546f0bb7d786', '2014-11-21 09:53:39', '2014-11-21 09:53:39', '1', '1', NULL, 0, 'seed_max_id', NULL, 'Boyce', 'Sleeper', 'VP Operations', NULL, 0, '(484) 412-4982', '(292) 397-1181', '(241) 778-1158', NULL, NULL, '999 Baker Way', 'Alabama', 'CA', '79039', 'USA', NULL, NULL, NULL, NULL, NULL, NULL, NULL, 'Conference', NULL, NULL, NULL);
INSERT INTO contacts (id, date_entered, date_modified, modified_user_id, created_by, description, deleted, assigned_user_id, salutation, first_name, last_name, title, department, do_not_call, phone_home, phone_mobile, phone_work, phone_other, phone_fax, primary_address_street, primary_address_city, primary_address_state, primary_address_postalcode, primary_address_country, alt_address_street, alt_address_city, alt_address_state, alt_address_postalcode, alt_address_country, assistant, assistant_phone, lead_source, reports_to_id, birthdate, campaign_id) VALUES('e05bb8fb-cf11-75c7-059d-546f0bc96f67', '2014-11-21 09:53:39', '2014-11-21 09:53:39', '1', '1', NULL, 0, 'seed_sally_id', NULL, 'Casey', 'Denker', 'VP Sales', NULL, 0, '(317) 652-5513', '(859) 824-7580', '(432) 814-7323', NULL, NULL, '67321 West Siam St.', 'St. Petersburg', 'CA', '51583', 'USA', NULL, NULL, NULL, NULL, NULL, NULL, NULL, 'Word of mouth', NULL, NULL, NULL);
INSERT INTO contacts (id, date_entered, date_modified, modified_user_id, created_by, description, deleted, assigned_user_id, salutation, first_name, last_name, title, department, do_not_call, phone_home, phone_mobile, phone_work, phone_other, phone_fax, primary_address_street, primary_address_city, primary_address_state, primary_address_postalcode, primary_address_country, alt_address_street, alt_address_city, alt_address_state, alt_address_postalcode, alt_address_country, assistant, assistant_phone, lead_source, reports_to_id, birthdate, campaign_id) VALUES('e0eb4cdd-b50a-c8ef-0e54-546f0baadd8c', '2014-11-21 09:53:39', '2014-11-21 09:53:39', '1', '1', NULL, 0, 'seed_max_id', NULL, 'Karyn', 'Pink', 'President', NULL, 0, '(060) 369-4759', '(270) 069-0653', '(551) 737-7444', NULL, NULL, '777 West Filmore Ln', 'San Mateo', 'CA', '74989', 'USA', NULL, NULL, NULL, NULL, NULL, NULL, NULL, 'Word of mouth', NULL, NULL, NULL);
INSERT INTO contacts (id, date_entered, date_modified, modified_user_id, created_by, description, deleted, assigned_user_id, salutation, first_name, last_name, title, department, do_not_call, phone_home, phone_mobile, phone_work, phone_other, phone_fax, primary_address_street, primary_address_city, primary_address_state, primary_address_postalcode, primary_address_country, alt_address_street, alt_address_city, alt_address_state, alt_address_postalcode, alt_address_country, assistant, assistant_phone, lead_source, reports_to_id, birthdate, campaign_id) VALUES('e100c03a-3712-3409-a114-546f0b7e9f92', '2014-11-21 09:53:39', '2014-11-21 09:53:39', '1', '1', NULL, 0, 'seed_sarah_id', NULL, 'Inez', 'Huth', 'VP Operations', NULL, 0, '(343) 933-1036', '(285) 110-1819', '(039) 796-1083', NULL, NULL, '67321 West Siam St.', 'St. Petersburg', 'CA', '16135', 'USA', NULL, NULL, NULL, NULL, NULL, NULL, NULL, 'Other', NULL, NULL, NULL);
INSERT INTO contacts (id, date_entered, date_modified, modified_user_id, created_by, description, deleted, assigned_user_id, salutation, first_name, last_name, title, department, do_not_call, phone_home, phone_mobile, phone_work, phone_other, phone_fax, primary_address_street, primary_address_city, primary_address_state, primary_address_postalcode, primary_address_country, alt_address_street, alt_address_city, alt_address_state, alt_address_postalcode, alt_address_country, assistant, assistant_phone, lead_source, reports_to_id, birthdate, campaign_id) VALUES('e1e908e2-44d4-2b04-ffef-546f0b6e6e9e', '2014-11-21 09:53:39', '2014-11-21 09:53:39', '1', '1', NULL, 0, 'seed_sally_id', NULL, 'Hilary', 'Shealy', 'IT Developer', NULL, 0, '(074) 378-0657', '(014) 100-7684', '(399) 043-1000', NULL, NULL, '345 Sugar Blvd.', 'Persistance', 'CA', '21622', 'USA', NULL, NULL, NULL, NULL, NULL, NULL, NULL, 'Direct Mail', NULL, NULL, NULL);
INSERT INTO contacts (id, date_entered, date_modified, modified_user_id, created_by, description, deleted, assigned_user_id, salutation, first_name, last_name, title, department, do_not_call, phone_home, phone_mobile, phone_work, phone_other, phone_fax, primary_address_street, primary_address_city, primary_address_state, primary_address_postalcode, primary_address_country, alt_address_street, alt_address_city, alt_address_state, alt_address_postalcode, alt_address_country, assistant, assistant_phone, lead_source, reports_to_id, birthdate, campaign_id) VALUES('e24c6553-7044-431a-ff6d-546f0b542fa9', '2014-11-21 09:53:39', '2014-11-21 09:53:39', '1', '1', NULL, 0, 'seed_max_id', NULL, 'Wyatt', 'Greening', 'Mgr Operations', NULL, 0, '(230) 162-7437', '(119) 394-8362', '(983) 141-5159', NULL, NULL, '111 Silicon Valley Road', 'Alabama', 'CA', '61606', 'USA', NULL, NULL, NULL, NULL, NULL, NULL, NULL, 'Conference', NULL, NULL, NULL);
INSERT INTO contacts (id, date_entered, date_modified, modified_user_id, created_by, description, deleted, assigned_user_id, salutation, first_name, last_name, title, department, do_not_call, phone_home, phone_mobile, phone_work, phone_other, phone_fax, primary_address_street, primary_address_city, primary_address_state, primary_address_postalcode, primary_address_country, alt_address_street, alt_address_city, alt_address_state, alt_address_postalcode, alt_address_country, assistant, assistant_phone, lead_source, reports_to_id, birthdate, campaign_id) VALUES('e2b59701-55e3-bf31-c342-546f0bc65291', '2014-11-21 09:53:39', '2014-11-21 09:53:39', '1', '1', NULL, 0, 'seed_sarah_id', NULL, 'Justine', 'Hornbuckle', 'VP Sales', NULL, 0, '(103) 507-8811', '(820) 905-4532', '(320) 706-1910', NULL, NULL, '1715 Scott Dr', 'San Jose', 'CA', '86390', 'USA', NULL, NULL, NULL, NULL, NULL, NULL, NULL, 'Trade Show', NULL, NULL, NULL);
INSERT INTO contacts (id, date_entered, date_modified, modified_user_id, created_by, description, deleted, assigned_user_id, salutation, first_name, last_name, title, department, do_not_call, phone_home, phone_mobile, phone_work, phone_other, phone_fax, primary_address_street, primary_address_city, primary_address_state, primary_address_postalcode, primary_address_country, alt_address_street, alt_address_city, alt_address_state, alt_address_postalcode, alt_address_country, assistant, assistant_phone, lead_source, reports_to_id, birthdate, campaign_id) VALUES('e4c62297-0474-c65c-09f2-546f0b340399', '2014-11-21 09:53:39', '2014-11-21 09:53:39', '1', '1', NULL, 0, 'seed_chris_id', NULL, 'Elijah', 'Reina', 'IT Developer', NULL, 0, '(756) 576-7957', '(464) 957-9548', '(322) 604-9038', NULL, NULL, '9 IBM Path', 'San Jose', 'NY', '50434', 'USA', NULL, NULL, NULL, NULL, NULL, NULL, NULL, '', NULL, NULL, NULL);
INSERT INTO contacts (id, date_entered, date_modified, modified_user_id, created_by, description, deleted, assigned_user_id, salutation, first_name, last_name, title, department, do_not_call, phone_home, phone_mobile, phone_work, phone_other, phone_fax, primary_address_street, primary_address_city, primary_address_state, primary_address_postalcode, primary_address_country, alt_address_street, alt_address_city, alt_address_state, alt_address_postalcode, alt_address_country, assistant, assistant_phone, lead_source, reports_to_id, birthdate, campaign_id) VALUES('e715a772-a557-23eb-b29c-546f0b1fc9aa', '2014-11-21 09:53:39', '2014-11-21 09:53:39', '1', '1', NULL, 0, 'seed_sally_id', NULL, 'Elden', 'Orduna', 'IT Developer', NULL, 0, '(813) 780-1539', '(416) 091-7691', '(156) 569-2534', NULL, NULL, '999 Baker Way', 'San Francisco', 'CA', '88780', 'USA', NULL, NULL, NULL, NULL, NULL, NULL, NULL, 'Trade Show', NULL, NULL, NULL);
INSERT INTO contacts (id, date_entered, date_modified, modified_user_id, created_by, description, deleted, assigned_user_id, salutation, first_name, last_name, title, department, do_not_call, phone_home, phone_mobile, phone_work, phone_other, phone_fax, primary_address_street, primary_address_city, primary_address_state, primary_address_postalcode, primary_address_country, alt_address_street, alt_address_city, alt_address_state, alt_address_postalcode, alt_address_country, assistant, assistant_phone, lead_source, reports_to_id, birthdate, campaign_id) VALUES('e71bcdb5-300b-9e66-3668-546f0bec46b8', '2014-11-21 09:53:39', '2014-11-21 09:53:39', '1', '1', NULL, 0, 'seed_sally_id', NULL, 'Malcom', 'List', 'President', NULL, 0, '(605) 649-3199', '(898) 920-8435', '(209) 695-1588', NULL, NULL, '111 Silicon Valley Road', 'Persistance', 'CA', '35648', 'USA', NULL, NULL, NULL, NULL, NULL, NULL, NULL, 'Conference', NULL, NULL, NULL);
INSERT INTO contacts (id, date_entered, date_modified, modified_user_id, created_by, description, deleted, assigned_user_id, salutation, first_name, last_name, title, department, do_not_call, phone_home, phone_mobile, phone_work, phone_other, phone_fax, primary_address_street, primary_address_city, primary_address_state, primary_address_postalcode, primary_address_country, alt_address_street, alt_address_city, alt_address_state, alt_address_postalcode, alt_address_country, assistant, assistant_phone, lead_source, reports_to_id, birthdate, campaign_id) VALUES('e7476584-9678-2813-aae4-546f0b02b063', '2014-11-21 09:53:39', '2014-11-21 09:53:39', '1', '1', NULL, 0, 'seed_sally_id', NULL, 'Lynwood', 'Pacheco', 'President', NULL, 0, '(004) 038-3377', '(424) 690-8979', '(868) 371-1179', NULL, NULL, '9 IBM Path', 'Ohio', 'CA', '78398', 'USA', NULL, NULL, NULL, NULL, NULL, NULL, NULL, 'Public Relations', NULL, NULL, NULL);
INSERT INTO contacts (id, date_entered, date_modified, modified_user_id, created_by, description, deleted, assigned_user_id, salutation, first_name, last_name, title, department, do_not_call, phone_home, phone_mobile, phone_work, phone_other, phone_fax, primary_address_street, primary_address_city, primary_address_state, primary_address_postalcode, primary_address_country, alt_address_street, alt_address_city, alt_address_state, alt_address_postalcode, alt_address_country, assistant, assistant_phone, lead_source, reports_to_id, birthdate, campaign_id) VALUES('e8d2790e-f038-ae4b-4781-546f0bc2c389', '2014-11-21 09:53:39', '2014-11-21 09:53:39', '1', '1', NULL, 0, 'seed_max_id', NULL, 'Debora', 'Galusha', 'IT Developer', NULL, 0, '(655) 705-6874', '(404) 421-8420', '(994) 195-8081', NULL, NULL, '345 Sugar Blvd.', 'Cupertino', 'CA', '99170', 'USA', NULL, NULL, NULL, NULL, NULL, NULL, NULL, 'Campaign', NULL, NULL, NULL);
INSERT INTO contacts (id, date_entered, date_modified, modified_user_id, created_by, description, deleted, assigned_user_id, salutation, first_name, last_name, title, department, do_not_call, phone_home, phone_mobile, phone_work, phone_other, phone_fax, primary_address_street, primary_address_city, primary_address_state, primary_address_postalcode, primary_address_country, alt_address_street, alt_address_city, alt_address_state, alt_address_postalcode, alt_address_country, assistant, assistant_phone, lead_source, reports_to_id, birthdate, campaign_id) VALUES('e949797e-2998-abb1-94e1-546f0b300b5f', '2014-11-21 09:53:39', '2014-11-21 09:53:39', '1', '1', NULL, 0, 'seed_chris_id', NULL, 'Porter', 'Greathouse', 'VP Sales', NULL, 0, '(325) 760-2248', '(984) 929-0194', '(831) 130-6486', NULL, NULL, '345 Sugar Blvd.', 'Los Angeles', 'NY', '73561', 'USA', NULL, NULL, NULL, NULL, NULL, NULL, NULL, 'Campaign', NULL, NULL, NULL);
INSERT INTO contacts (id, date_entered, date_modified, modified_user_id, created_by, description, deleted, assigned_user_id, salutation, first_name, last_name, title, department, do_not_call, phone_home, phone_mobile, phone_work, phone_other, phone_fax, primary_address_street, primary_address_city, primary_address_state, primary_address_postalcode, primary_address_country, alt_address_street, alt_address_city, alt_address_state, alt_address_postalcode, alt_address_country, assistant, assistant_phone, lead_source, reports_to_id, birthdate, campaign_id) VALUES('eb538c83-6e1f-bc9d-2b57-546f0b16205e', '2014-11-21 09:53:39', '2014-11-21 09:53:39', '1', '1', NULL, 0, 'seed_sally_id', NULL, 'Arlene', 'Guajardo', 'Director Sales', NULL, 0, '(167) 244-9986', '(797) 906-7180', '(199) 959-0066', NULL, NULL, '67321 West Siam St.', 'Salt Lake City', 'CA', '29839', 'USA', NULL, NULL, NULL, NULL, NULL, NULL, NULL, 'Email', NULL, NULL, NULL);
INSERT INTO contacts (id, date_entered, date_modified, modified_user_id, created_by, description, deleted, assigned_user_id, salutation, first_name, last_name, title, department, do_not_call, phone_home, phone_mobile, phone_work, phone_other, phone_fax, primary_address_street, primary_address_city, primary_address_state, primary_address_postalcode, primary_address_country, alt_address_street, alt_address_city, alt_address_state, alt_address_postalcode, alt_address_country, assistant, assistant_phone, lead_source, reports_to_id, birthdate, campaign_id) VALUES('ebfd7082-0142-bd91-be7e-546f0b047ad9', '2014-11-21 09:53:39', '2014-11-21 09:53:39', '1', '1', NULL, 0, 'seed_will_id', NULL, 'Tyrell', 'Lapointe', 'Mgr Operations', NULL, 0, '(593) 303-6038', '(753) 976-8812', '(581) 584-8156', NULL, NULL, '123 Anywhere Street', 'Los Angeles', 'NY', '49952', 'USA', NULL, NULL, NULL, NULL, NULL, NULL, NULL, 'Self Generated', NULL, NULL, NULL);
INSERT INTO contacts (id, date_entered, date_modified, modified_user_id, created_by, description, deleted, assigned_user_id, salutation, first_name, last_name, title, department, do_not_call, phone_home, phone_mobile, phone_work, phone_other, phone_fax, primary_address_street, primary_address_city, primary_address_state, primary_address_postalcode, primary_address_country, alt_address_street, alt_address_city, alt_address_state, alt_address_postalcode, alt_address_country, assistant, assistant_phone, lead_source, reports_to_id, birthdate, campaign_id) VALUES('ec4428b1-a002-102d-7b27-546f0b19be00', '2014-11-21 09:53:39', '2014-11-21 09:53:39', '1', '1', NULL, 0, 'seed_will_id', NULL, 'Tommy', 'Daum', 'President', NULL, 0, '(935) 482-0028', '(657) 942-7000', '(002) 044-2474', NULL, NULL, '999 Baker Way', 'Los Angeles', 'NY', '36155', 'USA', NULL, NULL, NULL, NULL, NULL, NULL, NULL, 'Web Site', NULL, NULL, NULL);
INSERT INTO contacts (id, date_entered, date_modified, modified_user_id, created_by, description, deleted, assigned_user_id, salutation, first_name, last_name, title, department, do_not_call, phone_home, phone_mobile, phone_work, phone_other, phone_fax, primary_address_street, primary_address_city, primary_address_state, primary_address_postalcode, primary_address_country, alt_address_street, alt_address_city, alt_address_state, alt_address_postalcode, alt_address_country, assistant, assistant_phone, lead_source, reports_to_id, birthdate, campaign_id) VALUES('eeeb0cf9-d2e6-0c80-5a01-546f0baf175a', '2014-11-21 09:53:39', '2014-11-21 09:53:39', '1', '1', NULL, 0, 'seed_will_id', NULL, 'Lavonne', 'Jaworski', 'VP Operations', NULL, 0, '(068) 482-9484', '(983) 013-9884', '(421) 480-9762', NULL, NULL, '48920 San Carlos Ave', 'Salt Lake City', 'NY', '54476', 'USA', NULL, NULL, NULL, NULL, NULL, NULL, NULL, 'Email', NULL, NULL, NULL);
INSERT INTO contacts (id, date_entered, date_modified, modified_user_id, created_by, description, deleted, assigned_user_id, salutation, first_name, last_name, title, department, do_not_call, phone_home, phone_mobile, phone_work, phone_other, phone_fax, primary_address_street, primary_address_city, primary_address_state, primary_address_postalcode, primary_address_country, alt_address_street, alt_address_city, alt_address_state, alt_address_postalcode, alt_address_country, assistant, assistant_phone, lead_source, reports_to_id, birthdate, campaign_id) VALUES('f300402e-e19e-c66b-bd99-546f0b960089', '2014-11-21 09:53:39', '2014-11-21 09:53:39', '1', '1', NULL, 0, 'seed_will_id', NULL, 'Nikki', 'Dingler', 'Director Sales', NULL, 0, '(803) 706-0389', '(239) 460-1303', '(239) 482-6117', NULL, NULL, '321 University Ave.', 'St. Petersburg', 'NY', '27911', 'USA', NULL, NULL, NULL, NULL, NULL, NULL, NULL, 'Direct Mail', NULL, NULL, NULL);
INSERT INTO accounts_bugs (id, account_id, bug_id, date_modified, deleted) VALUES('1066f4d4-d482-e69e-136b-546f0ba51bbc', 'f4600a07-e479-8ae0-1c75-546f0bdef358', '104e175f-f30e-f56c-0c85-546f0b3bd416', '2014-11-21 09:53:39', 0);
INSERT INTO accounts_bugs (id, account_id, bug_id, date_modified, deleted) VALUES('199bc302-a9e0-d581-eb6e-546f0b1626b9', '136de8ad-a5f1-27f6-166e-546f0b2e4dc2', '1984e4f0-01c0-8380-fd0a-546f0b9147d4', '2014-11-21 09:53:39', 0);
INSERT INTO accounts_bugs (id, account_id, bug_id, date_modified, deleted) VALUES('1c70ae2a-261a-f6df-f948-546f0b6d0b6d', '13c758ce-553b-587b-0844-546f0ba58f27', '1c5b345d-64d6-b8bb-4805-546f0bdb6c7a', '2014-11-21 09:53:39', 0);
INSERT INTO accounts_bugs (id, account_id, bug_id, date_modified, deleted) VALUES('21f3d728-9253-f7a2-c8d5-546f0b1d11b2', '1c084a61-eeb7-6867-baac-546f0b50f976', '21dcaafa-dc1a-f414-46e2-546f0b2ad222', '2014-11-21 09:53:39', 0);
INSERT INTO accounts_bugs (id, account_id, bug_id, date_modified, deleted) VALUES('224370b7-e78e-fced-81d0-546f0bae2f6b', '17710851-01be-2d35-94a6-546f0b117f51', '222c78de-5896-ec81-4daa-546f0b47333a', '2014-11-21 09:53:39', 0);
INSERT INTO accounts_bugs (id, account_id, bug_id, date_modified, deleted) VALUES('248fc16a-0c29-1f8c-a92c-546f0b33fbce', '147eb488-931d-24c6-7768-546f0bd1c33b', '247a2ba9-90c3-d954-f43e-546f0b9f9f6f', '2014-11-21 09:53:39', 0);
INSERT INTO accounts_bugs (id, account_id, bug_id, date_modified, deleted) VALUES('2cd16066-676c-8d1f-18d9-546f0b478e88', '263c1428-4e3e-c237-9b97-546f0b6fd5e9', '2cbad3b3-f1c9-e37c-ef5a-546f0ba2ec66', '2014-11-21 09:53:39', 0);
INSERT INTO accounts_bugs (id, account_id, bug_id, date_modified, deleted) VALUES('37ef88b9-67d4-5011-4862-546f0bc10ff9', '33938732-8554-3bcb-0df8-546f0ba4376a', '37d9ac58-33ca-26a2-e5db-546f0b5d41fb', '2014-11-21 09:53:39', 0);
INSERT INTO accounts_bugs (id, account_id, bug_id, date_modified, deleted) VALUES('390e1685-6923-cfc3-5fd5-546f0bce6c27', '3122d611-860a-97ee-9206-546f0b6b2232', '38f25fa8-2883-8050-710a-546f0b6f79de', '2014-11-21 09:53:39', 0);
INSERT INTO accounts_bugs (id, account_id, bug_id, date_modified, deleted) VALUES('3a6f72eb-990e-adb3-3aee-546f0b88119b', '34cf0c6a-655c-395e-6960-546f0b3a3228', '3a5a4970-676d-c345-ee8d-546f0bc6ef49', '2014-11-21 09:53:39', 0);
INSERT INTO accounts_bugs (id, account_id, bug_id, date_modified, deleted) VALUES('411a0d08-c8ff-dad4-5da6-546f0bf6bf08', '3b03d897-4a78-7fc2-4658-546f0b696428', '410533ea-c14d-a56a-b1f5-546f0b5bc73b', '2014-11-21 09:53:39', 0);
INSERT INTO accounts_bugs (id, account_id, bug_id, date_modified, deleted) VALUES('43f267a2-72b2-1b9f-b388-546f0b6750c0', '34604ac4-be7f-ff68-1116-546f0b892654', '43dd8ecd-b4ae-b3c1-4f49-546f0b196434', '2014-11-21 09:53:39', 0);
INSERT INTO accounts_bugs (id, account_id, bug_id, date_modified, deleted) VALUES('460042c9-573d-1123-5c7b-546f0ba07ace', '3e69728b-7ab8-f28f-098e-546f0b42e0d6', '45eac4b5-47ab-7b30-290c-546f0b0730bc', '2014-11-21 09:53:39', 0);
INSERT INTO accounts_bugs (id, account_id, bug_id, date_modified, deleted) VALUES('4d05f7aa-0510-5103-88ae-546f0b69be93', '49bb4874-4e61-e713-69d9-546f0b9d238e', '4cf1a82e-4dd5-6398-789e-546f0b7b8b82', '2014-11-21 09:53:39', 0);
INSERT INTO accounts_bugs (id, account_id, bug_id, date_modified, deleted) VALUES('506cb348-9774-584f-39ae-546f0b518582', '48fb43d5-0464-700d-f982-546f0b1beb47', '5056e4cc-7aa3-4c72-9685-546f0b8c4771', '2014-11-21 09:53:39', 0);
INSERT INTO accounts_bugs (id, account_id, bug_id, date_modified, deleted) VALUES('56a8b3d5-f2b2-ef8b-e05f-546f0b4092ed', '50ff0656-2ce7-7104-8f7b-546f0b660db9', '5691b8f4-1d65-bf82-59cc-546f0bc1ce2c', '2014-11-21 09:53:39', 0);
INSERT INTO accounts_bugs (id, account_id, bug_id, date_modified, deleted) VALUES('5b44a9d3-2705-4e8c-3b2a-546f0b26318f', '51c3144a-7fc4-ecc7-2f84-546f0b3b6ed8', '5b2d14f6-2deb-659d-8324-546f0b5038e2', '2014-11-21 09:53:39', 0);
INSERT INTO accounts_bugs (id, account_id, bug_id, date_modified, deleted) VALUES('60554728-d4db-fcf9-4d0e-546f0bb9f3a4', '55547778-b8a4-75d0-f911-546f0be05880', '60404b88-1d73-ffc2-d551-546f0b855b54', '2014-11-21 09:53:39', 0);
INSERT INTO accounts_bugs (id, account_id, bug_id, date_modified, deleted) VALUES('61b9c7ae-c9b3-36f0-e877-546f0b82efb5', '57e3225e-be98-3f6e-a43e-546f0bb37a6d', '61a3d75c-614f-37e3-7a71-546f0b21ee0a', '2014-11-21 09:53:39', 0);
INSERT INTO accounts_bugs (id, account_id, bug_id, date_modified, deleted) VALUES('62bad01d-492b-5c22-190b-546f0b298b6c', '5e935cfe-638a-71c6-9878-546f0bcea163', '62a5e32f-3b11-05d7-434f-546f0b322b6a', '2014-11-21 09:53:39', 0);
INSERT INTO accounts_bugs (id, account_id, bug_id, date_modified, deleted) VALUES('69debf3f-1b16-713e-a14b-546f0bb53f55', '5f669f5b-4d3b-01e3-f600-546f0bae7e34', '69c4f38c-003e-028a-6e07-546f0b7b5b20', '2014-11-21 09:53:39', 0);
INSERT INTO accounts_bugs (id, account_id, bug_id, date_modified, deleted) VALUES('77990e85-542e-a79b-aa72-546f0b09befd', 'f1290450-bd32-e605-e93a-546f0bcc2091', '76550034-c8f2-92cd-5beb-546f0b10745a', '2014-11-21 09:53:39', 0);
INSERT INTO accounts_bugs (id, account_id, bug_id, date_modified, deleted) VALUES('79bc40f5-4d9c-938c-b7c6-546f0b402331', '71089f73-127b-e8de-1a75-546f0b6ad949', '79a62b1b-8ded-f903-888b-546f0b23c326', '2014-11-21 09:53:39', 0);
INSERT INTO accounts_bugs (id, account_id, bug_id, date_modified, deleted) VALUES('7c675c81-c2f3-6ccc-9641-546f0b785adf', '6c46d55a-b6ac-422c-5b12-546f0be130d0', '7c50d9ef-2183-2691-2d02-546f0ba4b164', '2014-11-21 09:53:39', 0);
INSERT INTO accounts_bugs (id, account_id, bug_id, date_modified, deleted) VALUES('7f1b0a9a-f2a7-9e99-62ed-546f0b502583', '76694c07-dfff-418a-9a9e-546f0b1a9c98', '7f05ac62-1928-1fc7-a463-546f0bb592b9', '2014-11-21 09:53:39', 0);
INSERT INTO accounts_bugs (id, account_id, bug_id, date_modified, deleted) VALUES('884dd570-79ac-25bd-e8a8-546f0b1c98bb', '7e014aa8-0f47-df4a-26c3-546f0b22a0fb', '8837cdca-c899-30ed-e9c3-546f0b410b38', '2014-11-21 09:53:39', 0);
INSERT INTO accounts_bugs (id, account_id, bug_id, date_modified, deleted) VALUES('89c992d3-8ca1-80c5-14d0-546f0bc0b8aa', '828cd8e1-7450-a3ec-8965-546f0b358378', '89b66e9e-7f10-0c40-9aa7-546f0baa4aa4', '2014-11-21 09:53:39', 0);
INSERT INTO accounts_bugs (id, account_id, bug_id, date_modified, deleted) VALUES('8bf96173-6b4d-1c34-4ee4-546f0ba6c9ce', '71bfefcd-1884-2a71-0b37-546f0bf188f6', '8bdbc240-a6e9-4b79-7446-546f0bd60a5a', '2014-11-21 09:53:39', 0);
INSERT INTO accounts_bugs (id, account_id, bug_id, date_modified, deleted) VALUES('9287f846-24da-019c-ca09-546f0b221519', '886cdaf1-a477-3fd4-8a6a-546f0b2acd6c', '926e573d-1a55-2808-1948-546f0bf42889', '2014-11-21 09:53:39', 0);
INSERT INTO accounts_bugs (id, account_id, bug_id, date_modified, deleted) VALUES('9d562b56-f91a-f448-abfb-546f0b16eed6', '951a8a4b-7a6d-5db9-2cd7-546f0b642612', '9d4137e2-64bd-f62e-b359-546f0b37f9ee', '2014-11-21 09:53:39', 0);
INSERT INTO accounts_bugs (id, account_id, bug_id, date_modified, deleted) VALUES('9ec6397f-7740-9df9-45f1-546f0b1ff0ed', '9881d624-00d8-aca0-92e1-546f0b19a419', '9eb03482-b23e-61ef-7d35-546f0bdc5476', '2014-11-21 09:53:39', 0);
INSERT INTO accounts_bugs (id, account_id, bug_id, date_modified, deleted) VALUES('a5863dff-743b-1f73-fa24-546f0b6b129d', '9ec68dde-b6e2-fc18-f7ef-546f0bf02fde', 'a56dfd0e-5abe-e39f-dfa5-546f0b8b49b6', '2014-11-21 09:53:39', 0);
INSERT INTO accounts_bugs (id, account_id, bug_id, date_modified, deleted) VALUES('a6da0a5f-1173-b184-b1c2-546f0b78549e', 'a0d2c7cc-3436-c3ec-b389-546f0bed0055', 'a6c5aecb-acd8-0751-5155-546f0bcb5ae4', '2014-11-21 09:53:39', 0);
INSERT INTO accounts_bugs (id, account_id, bug_id, date_modified, deleted) VALUES('b0886a1d-e012-9687-8db2-546f0bab72ec', 'ab11bfff-6b76-a059-9b90-546f0bb3b187', 'b07204cc-8a76-af2e-164f-546f0b72252f', '2014-11-21 09:53:39', 0);
INSERT INTO accounts_bugs (id, account_id, bug_id, date_modified, deleted) VALUES('b3670431-b34e-7612-27e9-546f0b3f3d55', 'af5f1b8d-173e-38c4-82d8-546f0b3c99e9', 'b351e888-d9bf-b02a-aec8-546f0b8cb53b', '2014-11-21 09:53:39', 0);
INSERT INTO accounts_bugs (id, account_id, bug_id, date_modified, deleted) VALUES('ba94026e-2b85-bb0e-9e64-546f0bc4f81b', '83f3049a-8c07-74c6-aac9-546f0b1ca6ac', 'b92d0698-a768-c00b-1157-546f0be580d1', '2014-11-21 09:53:39', 0);
INSERT INTO accounts_bugs (id, account_id, bug_id, date_modified, deleted) VALUES('ba9b1e42-1061-a928-937f-546f0bce7e24', 'b76f29f2-98ba-c810-1b07-546f0bfd784b', 'ba88ce85-a0c2-73c4-e7ff-546f0b3e2479', '2014-11-21 09:53:39', 0);
INSERT INTO accounts_bugs (id, account_id, bug_id, date_modified, deleted) VALUES('badc5b87-ad97-2e9b-33b1-546f0be99972', '95ea3a76-c708-e6ee-1b4a-546f0b093790', 'bac611e6-1efd-0e6d-2825-546f0b98ec61', '2014-11-21 09:53:39', 0);
INSERT INTO accounts_bugs (id, account_id, bug_id, date_modified, deleted) VALUES('bd9e0847-ab6b-3c7b-ac5b-546f0b0a94cb', 'b73dce6b-dfb4-49d4-1fb1-546f0b0c43fa', 'bd87a696-b309-1208-3132-546f0bbf1e4a', '2014-11-21 09:53:39', 0);
INSERT INTO accounts_bugs (id, account_id, bug_id, date_modified, deleted) VALUES('c6949a26-5afe-5482-2a9f-546f0b9061d6', 'bee8e160-4e7c-c167-33b0-546f0bf759fe', 'c67edb74-97f9-7c6b-7d29-546f0b7ef84a', '2014-11-21 09:53:39', 0);
INSERT INTO accounts_bugs (id, account_id, bug_id, date_modified, deleted) VALUES('ccda06ba-aeee-4def-c9bb-546f0b7243e2', 'c77ec30a-a7e0-3176-d10f-546f0b0a51ce', 'ccc48250-490a-bfc5-33a3-546f0bd70d19', '2014-11-21 09:53:39', 0);
INSERT INTO accounts_bugs (id, account_id, bug_id, date_modified, deleted) VALUES('ceaefb14-bdc3-6793-ef61-546f0b4586e1', 'c69802e8-567a-751b-94c7-546f0b96b6dd', 'ce97b0f7-8a23-e023-a757-546f0befec11', '2014-11-21 09:53:39', 0);
INSERT INTO accounts_bugs (id, account_id, bug_id, date_modified, deleted) VALUES('cee9b886-a2f8-3498-4bef-546f0b7d4af8', 'c66f437c-9399-9569-bd9f-546f0b446932', 'ced3f17a-acc1-7763-f060-546f0bb89ca1', '2014-11-21 09:53:39', 0);
INSERT INTO accounts_bugs (id, account_id, bug_id, date_modified, deleted) VALUES('d59eb37c-f7e1-e87a-9326-546f0be66f65', 'ceda2c0d-3996-e0d1-d59b-546f0b258e8d', 'd589f93c-0c92-a7fd-7af3-546f0b240bf4', '2014-11-21 09:53:39', 0);
INSERT INTO accounts_bugs (id, account_id, bug_id, date_modified, deleted) VALUES('d898fb19-4045-9803-0d06-546f0b9b4d33', 'd180e82b-ce0d-5769-9eb2-546f0bac275b', 'd8830b25-0988-bc71-b937-546f0b10f90b', '2014-11-21 09:53:39', 0);
INSERT INTO accounts_bugs (id, account_id, bug_id, date_modified, deleted) VALUES('dfe9b7e2-f1e1-f575-ae6b-546f0b0e4dbd', 'd900fbf6-e42a-f47f-59be-546f0b9130b3', 'dfd3bd63-7a8a-1dd1-bfa6-546f0bc6bb36', '2014-11-21 09:53:39', 0);
INSERT INTO accounts_bugs (id, account_id, bug_id, date_modified, deleted) VALUES('e3f64446-4f44-8b81-e240-546f0beeba75', 'dd55cac1-2a6b-e674-b751-546f0bc57439', 'e3d9fa6e-a574-6936-fbc1-546f0bdf7671', '2014-11-21 09:53:39', 0);
INSERT INTO accounts_bugs (id, account_id, bug_id, date_modified, deleted) VALUES('e5057238-19d7-12a0-eebb-546f0b188ec7', 'dd1ce78a-b6d6-b8a0-917e-546f0ba4908e', 'e4ede3c0-87ef-6036-cf8d-546f0b7912b7', '2014-11-21 09:53:39', 0);
INSERT INTO accounts_bugs (id, account_id, bug_id, date_modified, deleted) VALUES('ed348939-3ab5-550d-955a-546f0b7a0106', 'e64bc206-e528-d225-ea9d-546f0bf0637c', 'ed1f11d6-af1d-333e-5d71-546f0bd969f1', '2014-11-21 09:53:39', 0);
INSERT INTO accounts_bugs (id, account_id, bug_id, date_modified, deleted) VALUES('ee671e4e-8d4f-832a-12c0-546f0b1b995c', 'e9b3f012-a139-b2b0-4031-546f0b2cce11', 'ee528437-f26c-9706-95b2-546f0b08b45c', '2014-11-21 09:53:39', 0);
INSERT INTO bugs (id, name, date_entered, date_modified, modified_user_id, created_by, description, deleted, assigned_user_id, bug_number, type, status, priority, resolution, work_log, found_in_release, fixed_in_release, source, product_category) VALUES('104e175f-f30e-f56c-0c85-546f0b3bd416', 'Syntax error appears when running old reports', '2014-11-21 09:53:39', '2014-11-21 09:53:39', '1', '1', NULL, 0, 'seed_max_id', 6, NULL, 'Rejected', 'Medium', NULL, NULL, NULL, NULL, NULL, NULL);
INSERT INTO bugs (id, name, date_entered, date_modified, modified_user_id, created_by, description, deleted, assigned_user_id, bug_number, type, status, priority, resolution, work_log, found_in_release, fixed_in_release, source, product_category) VALUES('1984e4f0-01c0-8380-fd0a-546f0b9147d4', 'Syntax error appears when running old reports', '2014-11-21 09:53:39', '2014-11-21 09:53:39', '1', '1', NULL, 0, 'seed_will_id', 23, NULL, 'Closed', 'Low', NULL, NULL, NULL, NULL, NULL, NULL);
INSERT INTO bugs (id, name, date_entered, date_modified, modified_user_id, created_by, description, deleted, assigned_user_id, bug_number, type, status, priority, resolution, work_log, found_in_release, fixed_in_release, source, product_category) VALUES('1c5b345d-64d6-b8bb-4805-546f0bdb6c7a', 'Error occurs while running count query', '2014-11-21 09:53:39', '2014-11-21 09:53:39', '1', '1', NULL, 0, 'seed_max_id', 40, NULL, 'Assigned', 'Urgent', NULL, NULL, NULL, NULL, NULL, NULL);
INSERT INTO bugs (id, name, date_entered, date_modified, modified_user_id, created_by, description, deleted, assigned_user_id, bug_number, type, status, priority, resolution, work_log, found_in_release, fixed_in_release, source, product_category) VALUES('21dcaafa-dc1a-f414-46e2-546f0b2ad222', 'Fatal error during installation', '2014-11-21 09:53:39', '2014-11-21 09:53:39', '1', '1', NULL, 0, 'seed_max_id', 48, NULL, 'Closed', 'Low', NULL, NULL, NULL, NULL, NULL, NULL);
INSERT INTO bugs (id, name, date_entered, date_modified, modified_user_id, created_by, description, deleted, assigned_user_id, bug_number, type, status, priority, resolution, work_log, found_in_release, fixed_in_release, source, product_category) VALUES('222c78de-5896-ec81-4daa-546f0b47333a', 'Error occurs while running count query', '2014-11-21 09:53:39', '2014-11-21 09:53:39', '1', '1', NULL, 0, 'seed_will_id', 14, NULL, 'New', 'High', NULL, NULL, NULL, NULL, NULL, NULL);
INSERT INTO bugs (id, name, date_entered, date_modified, modified_user_id, created_by, description, deleted, assigned_user_id, bug_number, type, status, priority, resolution, work_log, found_in_release, fixed_in_release, source, product_category) VALUES('247a2ba9-90c3-d954-f43e-546f0b9f9f6f', 'Error occurs while running count query', '2014-11-21 09:53:39', '2014-11-21 09:53:39', '1', '1', NULL, 0, 'seed_will_id', 32, NULL, 'Closed', 'High', NULL, NULL, NULL, NULL, NULL, NULL);
INSERT INTO bugs (id, name, date_entered, date_modified, modified_user_id, created_by, description, deleted, assigned_user_id, bug_number, type, status, priority, resolution, work_log, found_in_release, fixed_in_release, source, product_category) VALUES('2cbad3b3-f1c9-e37c-ef5a-546f0ba2ec66', 'Broken image appears in home page', '2014-11-21 09:53:39', '2014-11-21 09:53:39', '1', '1', NULL, 0, 'seed_max_id', 24, NULL, 'Assigned', 'Urgent', NULL, NULL, NULL, NULL, NULL, NULL);
INSERT INTO bugs (id, name, date_entered, date_modified, modified_user_id, created_by, description, deleted, assigned_user_id, bug_number, type, status, priority, resolution, work_log, found_in_release, fixed_in_release, source, product_category) VALUES('37d9ac58-33ca-26a2-e5db-546f0b5d41fb', 'Warning is displayed in file after exporting', '2014-11-21 09:53:39', '2014-11-21 09:53:39', '1', '1', NULL, 0, 'seed_max_id', 15, NULL, 'Closed', 'Medium', NULL, NULL, NULL, NULL, NULL, NULL);
INSERT INTO bugs (id, name, date_entered, date_modified, modified_user_id, created_by, description, deleted, assigned_user_id, bug_number, type, status, priority, resolution, work_log, found_in_release, fixed_in_release, source, product_category) VALUES('38f25fa8-2883-8050-710a-546f0b6f79de', 'Fatal error during installation', '2014-11-21 09:53:39', '2014-11-21 09:53:39', '1', '1', NULL, 0, 'seed_chris_id', 41, NULL, 'Pending', 'Medium', NULL, NULL, NULL, NULL, NULL, NULL);
INSERT INTO bugs (id, name, date_entered, date_modified, modified_user_id, created_by, description, deleted, assigned_user_id, bug_number, type, status, priority, resolution, work_log, found_in_release, fixed_in_release, source, product_category) VALUES('3a5a4970-676d-c345-ee8d-546f0bc6ef49', 'Error occurs while running count query', '2014-11-21 09:53:39', '2014-11-21 09:53:39', '1', '1', NULL, 0, 'seed_max_id', 33, NULL, 'Assigned', 'Medium', NULL, NULL, NULL, NULL, NULL, NULL);
INSERT INTO bugs (id, name, date_entered, date_modified, modified_user_id, created_by, description, deleted, assigned_user_id, bug_number, type, status, priority, resolution, work_log, found_in_release, fixed_in_release, source, product_category) VALUES('410533ea-c14d-a56a-b1f5-546f0b5bc73b', 'Error occurs while running count query', '2014-11-21 09:53:39', '2014-11-21 09:53:39', '1', '1', NULL, 0, 'seed_sally_id', 49, NULL, 'Closed', 'Low', NULL, NULL, NULL, NULL, NULL, NULL);
INSERT INTO bugs (id, name, date_entered, date_modified, modified_user_id, created_by, description, deleted, assigned_user_id, bug_number, type, status, priority, resolution, work_log, found_in_release, fixed_in_release, source, product_category) VALUES('43dd8ecd-b4ae-b3c1-4f49-546f0b196434', 'Fatal error during installation', '2014-11-21 09:53:39', '2014-11-21 09:53:39', '1', '1', NULL, 0, 'seed_max_id', 7, NULL, 'Pending', 'Low', NULL, NULL, NULL, NULL, NULL, NULL);
INSERT INTO bugs (id, name, date_entered, date_modified, modified_user_id, created_by, description, deleted, assigned_user_id, bug_number, type, status, priority, resolution, work_log, found_in_release, fixed_in_release, source, product_category) VALUES('45eac4b5-47ab-7b30-290c-546f0b0730bc', 'Warning is displayed in file after exporting', '2014-11-21 09:53:39', '2014-11-21 09:53:39', '1', '1', NULL, 0, 'seed_max_id', 25, NULL, 'Assigned', 'Low', NULL, NULL, NULL, NULL, NULL, NULL);
INSERT INTO bugs (id, name, date_entered, date_modified, modified_user_id, created_by, description, deleted, assigned_user_id, bug_number, type, status, priority, resolution, work_log, found_in_release, fixed_in_release, source, product_category) VALUES('4cf1a82e-4dd5-6398-789e-546f0b7b8b82', 'Broken image appears in home page', '2014-11-21 09:53:39', '2014-11-21 09:53:39', '1', '1', NULL, 0, 'seed_sarah_id', 16, NULL, 'Rejected', 'Medium', NULL, NULL, NULL, NULL, NULL, NULL);
INSERT INTO bugs (id, name, date_entered, date_modified, modified_user_id, created_by, description, deleted, assigned_user_id, bug_number, type, status, priority, resolution, work_log, found_in_release, fixed_in_release, source, product_category) VALUES('5056e4cc-7aa3-4c72-9685-546f0b8c4771', 'Warning is displayed in file after exporting', '2014-11-21 09:53:39', '2014-11-21 09:53:39', '1', '1', NULL, 0, 'seed_sarah_id', 34, NULL, 'Rejected', 'Medium', NULL, NULL, NULL, NULL, NULL, NULL);
INSERT INTO bugs (id, name, date_entered, date_modified, modified_user_id, created_by, description, deleted, assigned_user_id, bug_number, type, status, priority, resolution, work_log, found_in_release, fixed_in_release, source, product_category) VALUES('5691b8f4-1d65-bf82-59cc-546f0bc1ce2c', 'Error occurs while running count query', '2014-11-21 09:53:39', '2014-11-21 09:53:39', '1', '1', NULL, 0, 'seed_will_id', 50, NULL, 'Rejected', 'High', NULL, NULL, NULL, NULL, NULL, NULL);
INSERT INTO bugs (id, name, date_entered, date_modified, modified_user_id, created_by, description, deleted, assigned_user_id, bug_number, type, status, priority, resolution, work_log, found_in_release, fixed_in_release, source, product_category) VALUES('5b2d14f6-2deb-659d-8324-546f0b5038e2', 'Error occurs while running count query', '2014-11-21 09:53:39', '2014-11-21 09:53:39', '1', '1', NULL, 0, 'seed_will_id', 26, NULL, 'Rejected', 'Urgent', NULL, NULL, NULL, NULL, NULL, NULL);
INSERT INTO bugs (id, name, date_entered, date_modified, modified_user_id, created_by, description, deleted, assigned_user_id, bug_number, type, status, priority, resolution, work_log, found_in_release, fixed_in_release, source, product_category) VALUES('60404b88-1d73-ffc2-d551-546f0b855b54', 'Error occurs while running count query', '2014-11-21 09:53:39', '2014-11-21 09:53:39', '1', '1', NULL, 0, 'seed_chris_id', 8, NULL, 'Pending', 'Medium', NULL, NULL, NULL, NULL, NULL, NULL);
INSERT INTO bugs (id, name, date_entered, date_modified, modified_user_id, created_by, description, deleted, assigned_user_id, bug_number, type, status, priority, resolution, work_log, found_in_release, fixed_in_release, source, product_category) VALUES('61a3d75c-614f-37e3-7a71-546f0b21ee0a', 'Error occurs while running count query', '2014-11-21 09:53:39', '2014-11-21 09:53:39', '1', '1', NULL, 0, 'seed_max_id', 42, NULL, 'Assigned', 'Low', NULL, NULL, NULL, NULL, NULL, NULL);
INSERT INTO bugs (id, name, date_entered, date_modified, modified_user_id, created_by, description, deleted, assigned_user_id, bug_number, type, status, priority, resolution, work_log, found_in_release, fixed_in_release, source, product_category) VALUES('62a5e32f-3b11-05d7-434f-546f0b322b6a', 'Broken image appears in home page', '2014-11-21 09:53:39', '2014-11-21 09:53:39', '1', '1', NULL, 0, 'seed_will_id', 17, NULL, 'Rejected', 'High', NULL, NULL, NULL, NULL, NULL, NULL);
INSERT INTO bugs (id, name, date_entered, date_modified, modified_user_id, created_by, description, deleted, assigned_user_id, bug_number, type, status, priority, resolution, work_log, found_in_release, fixed_in_release, source, product_category) VALUES('69c4f38c-003e-028a-6e07-546f0b7b5b20', 'Syntax error appears when running old reports', '2014-11-21 09:53:39', '2014-11-21 09:53:39', '1', '1', NULL, 0, 'seed_will_id', 35, NULL, 'New', 'Urgent', NULL, NULL, NULL, NULL, NULL, NULL);
INSERT INTO bugs (id, name, date_entered, date_modified, modified_user_id, created_by, description, deleted, assigned_user_id, bug_number, type, status, priority, resolution, work_log, found_in_release, fixed_in_release, source, product_category) VALUES('76550034-c8f2-92cd-5beb-546f0b10745a', 'Fatal error during installation', '2014-11-21 09:53:39', '2014-11-21 09:53:39', '1', '1', NULL, 0, 'seed_sarah_id', 13, NULL, 'New', 'Urgent', NULL, NULL, NULL, NULL, NULL, NULL);
INSERT INTO bugs (id, name, date_entered, date_modified, modified_user_id, created_by, description, deleted, assigned_user_id, bug_number, type, status, priority, resolution, work_log, found_in_release, fixed_in_release, source, product_category) VALUES('79a62b1b-8ded-f903-888b-546f0b23c326', 'Broken image appears in home page', '2014-11-21 09:53:39', '2014-11-21 09:53:39', '1', '1', NULL, 0, 'seed_sarah_id', 9, NULL, 'Closed', 'High', NULL, NULL, NULL, NULL, NULL, NULL);
INSERT INTO bugs (id, name, date_entered, date_modified, modified_user_id, created_by, description, deleted, assigned_user_id, bug_number, type, status, priority, resolution, work_log, found_in_release, fixed_in_release, source, product_category) VALUES('7c50d9ef-2183-2691-2d02-546f0ba4b164', 'Error occurs while running count query', '2014-11-21 09:53:39', '2014-11-21 09:53:39', '1', '1', NULL, 0, 'seed_sally_id', 27, NULL, 'Pending', 'Urgent', NULL, NULL, NULL, NULL, NULL, NULL);
INSERT INTO bugs (id, name, date_entered, date_modified, modified_user_id, created_by, description, deleted, assigned_user_id, bug_number, type, status, priority, resolution, work_log, found_in_release, fixed_in_release, source, product_category) VALUES('7f05ac62-1928-1fc7-a463-546f0bb592b9', 'Syntax error appears when running old reports', '2014-11-21 09:53:39', '2014-11-21 09:53:39', '1', '1', NULL, 0, 'seed_sally_id', 18, NULL, 'New', 'Urgent', NULL, NULL, NULL, NULL, NULL, NULL);
INSERT INTO bugs (id, name, date_entered, date_modified, modified_user_id, created_by, description, deleted, assigned_user_id, bug_number, type, status, priority, resolution, work_log, found_in_release, fixed_in_release, source, product_category) VALUES('8837cdca-c899-30ed-e9c3-546f0b410b38', 'Broken image appears in home page', '2014-11-21 09:53:39', '2014-11-21 09:53:39', '1', '1', NULL, 0, 'seed_max_id', 43, NULL, 'Closed', 'Medium', NULL, NULL, NULL, NULL, NULL, NULL);
INSERT INTO bugs (id, name, date_entered, date_modified, modified_user_id, created_by, description, deleted, assigned_user_id, bug_number, type, status, priority, resolution, work_log, found_in_release, fixed_in_release, source, product_category) VALUES('89b66e9e-7f10-0c40-9aa7-546f0baa4aa4', 'Broken image appears in home page', '2014-11-21 09:53:39', '2014-11-21 09:53:39', '1', '1', NULL, 0, 'seed_sarah_id', 36, NULL, 'Assigned', 'High', NULL, NULL, NULL, NULL, NULL, NULL);
INSERT INTO bugs (id, name, date_entered, date_modified, modified_user_id, created_by, description, deleted, assigned_user_id, bug_number, type, status, priority, resolution, work_log, found_in_release, fixed_in_release, source, product_category) VALUES('8bdbc240-a6e9-4b79-7446-546f0bd60a5a', 'Error occurs while running count query', '2014-11-21 09:53:39', '2014-11-21 09:53:39', '1', '1', NULL, 0, 'seed_max_id', 1, NULL, 'Assigned', 'High', NULL, NULL, NULL, NULL, NULL, NULL);
INSERT INTO bugs (id, name, date_entered, date_modified, modified_user_id, created_by, description, deleted, assigned_user_id, bug_number, type, status, priority, resolution, work_log, found_in_release, fixed_in_release, source, product_category) VALUES('926e573d-1a55-2808-1948-546f0bf42889', 'Syntax error appears when running old reports', '2014-11-21 09:53:39', '2014-11-21 09:53:39', '1', '1', NULL, 0, 'seed_sarah_id', 28, NULL, 'Rejected', 'Urgent', NULL, NULL, NULL, NULL, NULL, NULL);
INSERT INTO bugs (id, name, date_entered, date_modified, modified_user_id, created_by, description, deleted, assigned_user_id, bug_number, type, status, priority, resolution, work_log, found_in_release, fixed_in_release, source, product_category) VALUES('9d4137e2-64bd-f62e-b359-546f0b37f9ee', 'Error occurs while running count query', '2014-11-21 09:53:39', '2014-11-21 09:53:39', '1', '1', NULL, 0, 'seed_max_id', 10, NULL, 'Assigned', 'Medium', NULL, NULL, NULL, NULL, NULL, NULL);
INSERT INTO bugs (id, name, date_entered, date_modified, modified_user_id, created_by, description, deleted, assigned_user_id, bug_number, type, status, priority, resolution, work_log, found_in_release, fixed_in_release, source, product_category) VALUES('9eb03482-b23e-61ef-7d35-546f0bdc5476', 'Broken image appears in home page', '2014-11-21 09:53:39', '2014-11-21 09:53:39', '1', '1', NULL, 0, 'seed_sally_id', 19, NULL, 'New', 'Low', NULL, NULL, NULL, NULL, NULL, NULL);
INSERT INTO bugs (id, name, date_entered, date_modified, modified_user_id, created_by, description, deleted, assigned_user_id, bug_number, type, status, priority, resolution, work_log, found_in_release, fixed_in_release, source, product_category) VALUES('a56dfd0e-5abe-e39f-dfa5-546f0b8b49b6', 'Syntax error appears when running old reports', '2014-11-21 09:53:39', '2014-11-21 09:53:39', '1', '1', NULL, 0, 'seed_sarah_id', 37, NULL, 'Closed', 'Low', NULL, NULL, NULL, NULL, NULL, NULL);
INSERT INTO bugs (id, name, date_entered, date_modified, modified_user_id, created_by, description, deleted, assigned_user_id, bug_number, type, status, priority, resolution, work_log, found_in_release, fixed_in_release, source, product_category) VALUES('a6c5aecb-acd8-0751-5155-546f0bcb5ae4', 'Fatal error during installation', '2014-11-21 09:53:39', '2014-11-21 09:53:39', '1', '1', NULL, 0, 'seed_will_id', 2, NULL, 'Closed', 'Urgent', NULL, NULL, NULL, NULL, NULL, NULL);
INSERT INTO bugs (id, name, date_entered, date_modified, modified_user_id, created_by, description, deleted, assigned_user_id, bug_number, type, status, priority, resolution, work_log, found_in_release, fixed_in_release, source, product_category) VALUES('b07204cc-8a76-af2e-164f-546f0b72252f', 'Fatal error during installation', '2014-11-21 09:53:39', '2014-11-21 09:53:39', '1', '1', NULL, 0, 'seed_chris_id', 29, NULL, 'Assigned', 'Low', NULL, NULL, NULL, NULL, NULL, NULL);
INSERT INTO bugs (id, name, date_entered, date_modified, modified_user_id, created_by, description, deleted, assigned_user_id, bug_number, type, status, priority, resolution, work_log, found_in_release, fixed_in_release, source, product_category) VALUES('b351e888-d9bf-b02a-aec8-546f0b8cb53b', 'Error occurs while running count query', '2014-11-21 09:53:39', '2014-11-21 09:53:39', '1', '1', NULL, 0, 'seed_will_id', 20, NULL, 'Assigned', 'High', NULL, NULL, NULL, NULL, NULL, NULL);
INSERT INTO bugs (id, name, date_entered, date_modified, modified_user_id, created_by, description, deleted, assigned_user_id, bug_number, type, status, priority, resolution, work_log, found_in_release, fixed_in_release, source, product_category) VALUES('b92d0698-a768-c00b-1157-546f0be580d1', 'Error occurs while running count query', '2014-11-21 09:53:39', '2014-11-21 09:53:39', '1', '1', NULL, 0, 'seed_will_id', 47, NULL, 'New', 'Low', NULL, NULL, NULL, NULL, NULL, NULL);
INSERT INTO bugs (id, name, date_entered, date_modified, modified_user_id, created_by, description, deleted, assigned_user_id, bug_number, type, status, priority, resolution, work_log, found_in_release, fixed_in_release, source, product_category) VALUES('ba88ce85-a0c2-73c4-e7ff-546f0b3e2479', 'Fatal error during installation', '2014-11-21 09:53:39', '2014-11-21 09:53:39', '1', '1', NULL, 0, 'seed_sally_id', 3, NULL, 'Rejected', 'High', NULL, NULL, NULL, NULL, NULL, NULL);
INSERT INTO bugs (id, name, date_entered, date_modified, modified_user_id, created_by, description, deleted, assigned_user_id, bug_number, type, status, priority, resolution, work_log, found_in_release, fixed_in_release, source, product_category) VALUES('bac611e6-1efd-0e6d-2825-546f0b98ec61', 'Syntax error appears when running old reports', '2014-11-21 09:53:39', '2014-11-21 09:53:39', '1', '1', NULL, 0, 'seed_will_id', 44, NULL, 'Closed', 'High', NULL, NULL, NULL, NULL, NULL, NULL);
INSERT INTO bugs (id, name, date_entered, date_modified, modified_user_id, created_by, description, deleted, assigned_user_id, bug_number, type, status, priority, resolution, work_log, found_in_release, fixed_in_release, source, product_category) VALUES('bd87a696-b309-1208-3132-546f0bbf1e4a', 'Warning is displayed in file after exporting', '2014-11-21 09:53:39', '2014-11-21 09:53:39', '1', '1', NULL, 0, 'seed_chris_id', 11, NULL, 'Closed', 'Urgent', NULL, NULL, NULL, NULL, NULL, NULL);
INSERT INTO bugs (id, name, date_entered, date_modified, modified_user_id, created_by, description, deleted, assigned_user_id, bug_number, type, status, priority, resolution, work_log, found_in_release, fixed_in_release, source, product_category) VALUES('c67edb74-97f9-7c6b-7d29-546f0b7ef84a', 'Fatal error during installation', '2014-11-21 09:53:39', '2014-11-21 09:53:39', '1', '1', NULL, 0, 'seed_chris_id', 38, NULL, 'New', 'High', NULL, NULL, NULL, NULL, NULL, NULL);
INSERT INTO bugs (id, name, date_entered, date_modified, modified_user_id, created_by, description, deleted, assigned_user_id, bug_number, type, status, priority, resolution, work_log, found_in_release, fixed_in_release, source, product_category) VALUES('ccc48250-490a-bfc5-33a3-546f0bd70d19', 'Syntax error appears when running old reports', '2014-11-21 09:53:39', '2014-11-21 09:53:39', '1', '1', NULL, 0, 'seed_sally_id', 4, NULL, 'New', 'Medium', NULL, NULL, NULL, NULL, NULL, NULL);
INSERT INTO bugs (id, name, date_entered, date_modified, modified_user_id, created_by, description, deleted, assigned_user_id, bug_number, type, status, priority, resolution, work_log, found_in_release, fixed_in_release, source, product_category) VALUES('ce97b0f7-8a23-e023-a757-546f0befec11', 'Syntax error appears when running old reports', '2014-11-21 09:53:39', '2014-11-21 09:53:39', '1', '1', NULL, 0, 'seed_sally_id', 21, NULL, 'New', 'High', NULL, NULL, NULL, NULL, NULL, NULL);
INSERT INTO bugs (id, name, date_entered, date_modified, modified_user_id, created_by, description, deleted, assigned_user_id, bug_number, type, status, priority, resolution, work_log, found_in_release, fixed_in_release, source, product_category) VALUES('ced3f17a-acc1-7763-f060-546f0bb89ca1', 'Syntax error appears when running old reports', '2014-11-21 09:53:39', '2014-11-21 09:53:39', '1', '1', NULL, 0, 'seed_max_id', 30, NULL, 'Pending', 'Urgent', NULL, NULL, NULL, NULL, NULL, NULL);
INSERT INTO bugs (id, name, date_entered, date_modified, modified_user_id, created_by, description, deleted, assigned_user_id, bug_number, type, status, priority, resolution, work_log, found_in_release, fixed_in_release, source, product_category) VALUES('d589f93c-0c92-a7fd-7af3-546f0b240bf4', 'Error occurs while running count query', '2014-11-21 09:53:39', '2014-11-21 09:53:39', '1', '1', NULL, 0, 'seed_sarah_id', 45, NULL, 'Rejected', 'Low', NULL, NULL, NULL, NULL, NULL, NULL);
INSERT INTO bugs (id, name, date_entered, date_modified, modified_user_id, created_by, description, deleted, assigned_user_id, bug_number, type, status, priority, resolution, work_log, found_in_release, fixed_in_release, source, product_category) VALUES('d8830b25-0988-bc71-b937-546f0b10f90b', 'Error occurs while running count query', '2014-11-21 09:53:39', '2014-11-21 09:53:39', '1', '1', NULL, 0, 'seed_sally_id', 12, NULL, 'New', 'Medium', NULL, NULL, NULL, NULL, NULL, NULL);
INSERT INTO bugs (id, name, date_entered, date_modified, modified_user_id, created_by, description, deleted, assigned_user_id, bug_number, type, status, priority, resolution, work_log, found_in_release, fixed_in_release, source, product_category) VALUES('dfd3bd63-7a8a-1dd1-bfa6-546f0bc6bb36', 'Broken image appears in home page', '2014-11-21 09:53:39', '2014-11-21 09:53:39', '1', '1', NULL, 0, 'seed_max_id', 39, NULL, 'Closed', 'Low', NULL, NULL, NULL, NULL, NULL, NULL);
INSERT INTO bugs (id, name, date_entered, date_modified, modified_user_id, created_by, description, deleted, assigned_user_id, bug_number, type, status, priority, resolution, work_log, found_in_release, fixed_in_release, source, product_category) VALUES('e3d9fa6e-a574-6936-fbc1-546f0bdf7671', 'Warning is displayed in file after exporting', '2014-11-21 09:53:39', '2014-11-21 09:53:39', '1', '1', NULL, 0, 'seed_chris_id', 5, NULL, 'Pending', 'Urgent', NULL, NULL, NULL, NULL, NULL, NULL);
INSERT INTO bugs (id, name, date_entered, date_modified, modified_user_id, created_by, description, deleted, assigned_user_id, bug_number, type, status, priority, resolution, work_log, found_in_release, fixed_in_release, source, product_category) VALUES('e4ede3c0-87ef-6036-cf8d-546f0b7912b7', 'Warning is displayed in file after exporting', '2014-11-21 09:53:39', '2014-11-21 09:53:39', '1', '1', NULL, 0, 'seed_max_id', 22, NULL, 'Assigned', 'Low', NULL, NULL, NULL, NULL, NULL, NULL);
INSERT INTO bugs (id, name, date_entered, date_modified, modified_user_id, created_by, description, deleted, assigned_user_id, bug_number, type, status, priority, resolution, work_log, found_in_release, fixed_in_release, source, product_category) VALUES('ed1f11d6-af1d-333e-5d71-546f0bd969f1', 'Syntax error appears when running old reports', '2014-11-21 09:53:39', '2014-11-21 09:53:39', '1', '1', NULL, 0, 'seed_sally_id', 46, NULL, 'Rejected', 'Low', NULL, NULL, NULL, NULL, NULL, NULL);
INSERT INTO bugs (id, name, date_entered, date_modified, modified_user_id, created_by, description, deleted, assigned_user_id, bug_number, type, status, priority, resolution, work_log, found_in_release, fixed_in_release, source, product_category) VALUES('ee528437-f26c-9706-95b2-546f0b08b45c', 'Syntax error appears when running old reports', '2014-11-21 09:53:39', '2014-11-21 09:53:39', '1', '1', NULL, 0, 'seed_sarah_id', 31, NULL, 'Assigned', 'High', NULL, NULL, NULL, NULL, NULL, NULL);
