10bdadb0-bced-6d9e-af5d-546f0b3df38f,Ignacio Kohan,2014-11-21T09:53:39Z,
11f8af82-1141-1444-cce7-546f0b8d3677,Elda Wass,2014-11-21T09:53:39Z,
1206109e-aabd-2198-fb83-546f0bf6495c,Everett Osteen,2014-11-21T09:53:39Z,
12afb9b3-a92d-b048-48ad-546f0b08802b,Vera Wickstrom,2014-11-21T09:53:39Z,
131a5e73-1fb8-0ae2-6c65-546f0b4ae797,Beverley Summers,2014-11-21T09:53:39Z,
14b3e0c7-f39b-ecb5-54e6-546f0b44b1f8,Ray Brenneman,2014-11-21T09:53:39Z,
158fbb56-9659-adbd-4bae-546f0b1b35ac,Myrna Barros,2014-11-21T09:53:39Z,
177f2fb7-82b4-8acc-9902-546f0ba8676c,Jaclyn Matthes,2014-11-21T09:53:39Z,
18558693-9e79-5cf2-e9f6-546f0b77c090,Lewis Dengler,2014-11-21T09:53:39Z,
18d1bc0b-3758-7157-3ae1-546f0bc5ec8b,Lindsey Showalter,2014-11-21T09:53:39Z,
1b5ea796-5428-c2b7-29e2-546f0ba77273,Damian Grand,2014-11-21T09:53:39Z,
1babecc7-88d6-fe65-072b-546f0b7648bf,Richard Spink,2014-11-21T09:53:39Z,
1cc5b0a1-68f0-81c7-e0c8-546f0b30e2da,Micah Mccormick,2014-11-21T09:53:39Z,
1d8ff461-3373-69d7-a052-546f0b2825ce,Patricia Dion,2014-11-21T09:53:39Z,
1e18fc33-fd7b-d91b-9103-546f0baca869,Rex Betty,2014-11-21T09:53:39Z,
1fa03488-c906-8adc-39fb-546f0bd141f7,Deidra Milardo,2014-11-21T09:53:39Z,
1fa0ff90-dc99-6f54-b35c-546f0b6f3b4a,Allen Pisani,2014-11-21T09:53:39Z,
1fa5e1b5-c1a7-e9ef-53c7-546f0bf91767,Samuel Maggio,2014-11-21T09:53:39Z,
225d079a-af8a-0b2e-efe7-546f0bbba2e2,Ursula Glatt,2014-11-21T09:53:39Z,
26d0478f-1265-f15a-8861-546f0b922ea7,Frankie Wilkins,2014-11-21T09:53:39Z,
27076936-c709-727b-76cc-546f0b3acf39,Annette Freitag,2014-11-21T09:53:39Z,
29167d20-12d1-b55d-b581-546f0b4612de,Charles Boothe,2014-11-21T09:53:39Z,
2a0d397d-df7a-80f8-2169-546f0b834bd0,Natalie Bleau,2014-11-21T09:53:39Z,
2bdfb0d7-4f58-7227-9cdd-546f0b682769,Julia Schneider,2014-11-21T09:53:39Z,
2beb3fd0-a5d4-28ee-cc63-546f0be81d5a,Candy Wehrle,2014-11-21T09:53:39Z,
2d270a22-a00e-4948-6358-546f0be8ec45,Aisha Hinojosa,2014-11-21T09:53:39Z,
2d66886a-29d3-5d75-4870-546f0bc3ad30,Meghan Midgett,2014-11-21T09:53:39Z,
31a4da24-4a9f-3a9e-20f7-546f0bd169b4,Benny Coots,2014-11-21T09:53:39Z,
333ecd41-d8cc-3417-b70b-546f0bd33af8,Bryant Quintana,2014-11-21T09:53:39Z,
33db0c4d-051d-6557-4e23-546f0bce6779,Arnoldo Drummond,2014-11-21T09:53:39Z,
340284e0-087e-8160-5f78-546f0b600ae3,Jewel Samayoa,2014-11-21T09:53:39Z,
34cee52a-08d7-e2c4-f4aa-546f0b8bfd63,Bobbi Kincer,2014-11-21T09:53:39Z,
35a9812a-a791-90fa-8678-546f0bd43906,Alyce Mowrey,2014-11-21T09:53:39Z,
3609ceb1-6525-f662-cb9f-546f0bf45428,Colton Sellars,2014-11-21T09:53:39Z,
37561849-9e2d-13c9-3374-546f0b44aafd,Alba Lebel,2014-11-21T09:53:39Z,
375d0372-dce3-ea22-29f6-546f0b592745,Duane Drakes,2014-11-21T09:53:39Z,
389f9d29-b3d7-e63b-50b2-546f0bff44d9,Lenny Wehner,2014-11-21T09:53:39Z,
3a237759-8110-b4bf-cdd2-546f0b68be68,Patsy Yi,2014-11-21T09:53:39Z,
3a8a028d-efdf-9a6b-c761-546f0b845f91,Wiley Shore,2014-11-21T09:53:39Z,
3af68a20-e0c2-5d51-7f0a-546f0bc6ed81,Tisha Groh,2014-11-21T09:53:39Z,
3b79b78c-ade4-eaf4-aa50-546f0becc749,Geri Barraza,2014-11-21T09:53:39Z,
4081dad0-85e9-6b95-d35d-546f0bd48ab8,Courtney Littrell,2014-11-21T09:53:39Z,
4385c3de-ab4f-7da2-bba8-546f0b6ddc94,Aida Tokarz,2014-11-21T09:53:39Z,
43873202-4bf8-ecc6-cfb8-546f0ba8e19b,Muriel Badilla,2014-11-21T09:53:39Z,
44406d7b-0dd5-80c1-9eac-546f0b177358,Sharlene Fabrizio,2014-11-21T09:53:39Z,
448b1e5b-1a1d-6e60-3ed2-546f0bb80331,Tracey Breeze,2014-11-21T09:53:39Z,
449c6477-daba-9ce7-8384-546f0b1d9222,Judson Betty,2014-11-21T09:53:39Z,
462ea54c-17f9-f9e3-2b42-546f0ba20699,Theodore Mazzeo,2014-11-21T09:53:39Z,
46fbde79-2db8-e1ea-ecdb-546f0be5e73f,Alfonso Leonardo,2014-11-21T09:53:39Z,
47a0e32c-d1de-dc5f-68db-546f0b234f67,Alice Kinzer,2014-11-21T09:53:39Z,
49396bec-2b6b-56e9-fbcd-546f0b2eff28,Jack Hawthorn,2014-11-21T09:53:39Z,
4b1ef731-119d-0000-7d3c-546f0bcfd12c,Brett Galbreath,2014-11-21T09:53:39Z,
4bca01d2-3075-3374-ddfe-546f0b2d364b,Tracie Beam,2014-11-21T09:53:39Z,
4bce9536-850e-6691-08c1-546f0b65f504,Rhonda Motta,2014-11-21T09:53:39Z,
4c7e1df0-a959-bddc-8bc1-546f0b13d701,Antonio Lapoint,2014-11-21T09:53:39Z,
4d543f5c-72e8-7ed9-e143-546f0b7f5e64,Carson Bowler,2014-11-21T09:53:39Z,
4df5faa0-5f94-1e38-ed0d-546f0b3a8d61,Morgan Boutwell,2014-11-21T09:53:39Z,
50e09289-b8a8-06cd-f658-546f0b7d548f,Henrietta Grays,2014-11-21T09:53:39Z,
5203ac3d-6456-5068-2aaf-546f0b3719bb,Geri Summer,2014-11-21T09:53:39Z,
5357bfbe-5f3d-f8ce-2b43-546f0b6df912,Suzette Cowans,2014-11-21T09:53:39Z,
55d09d2d-096c-e433-b263-546f0bf70b1b,Emory Solis,2014-11-21T09:53:39Z,
567b04ae-e14a-d7f7-8f77-546f0b983cdb,Tracey Keffer,2014-11-21T09:53:39Z,
56985db2-71e8-c8d0-48d5-546f0b720537,Patricia Hargis,2014-11-21T09:53:39Z,
56cc23dd-eaf0-4ff3-e71e-546f0b183f5f,Nigel Southwick,2014-11-21T09:53:39Z,
58b65a85-f752-b0d4-b215-546f0b6259ea,Arron Mckain,2014-11-21T09:53:39Z,
5aa4d229-dea5-5e4f-d88c-546f0b122948,Elisa Ditch,2014-11-21T09:53:39Z,
5b7d44bd-fc5c-9d6a-50fd-546f0bcb9e11,Darron Biggers,2014-11-21T09:53:39Z,
5c3148d7-15ad-6054-19ba-546f0b233134,Rayford Musso,2014-11-21T09:53:39Z,
5ead10d0-77c5-a688-d254-546f0bcfd024,Della Doolittle,2014-11-21T09:53:39Z,
5eb0d71d-3eaf-e5c8-4366-546f0be34910,Randell Billings,2014-11-21T09:53:39Z,
5f6fd344-6153-528e-5596-546f0bebff40,Myron Lamay,2014-11-21T09:53:39Z,
5fc84325-b30b-6818-5f65-546f0b4cdb32,Sam Franko,2014-11-21T09:53:39Z,
60be8d2b-26d5-5f01-b22a-546f0bfa4368,Alton Fischer,2014-11-21T09:53:39Z,
631dffa8-267c-e7ee-45ae-546f0b55e15e,William Eslinger,2014-11-21T09:53:39Z,
63694c6b-3e78-bad4-0610-546f0b1917ac,Fritz Huss,2014-11-21T09:53:39Z,
646f3fd9-c6d9-436b-5458-546f0b0ed56f,Abby Kahle,2014-11-21T09:53:39Z,
662d77a5-e046-a05b-a6c7-546f0b5f8e86,Humberto Robinette,2014-11-21T09:53:39Z,
66e8e7c7-836b-eb72-0f9b-546f0bd22c0f,Vern Higuchi,2014-11-21T09:53:39Z,
674c2c81-f42d-431d-0805-546f0bcbb3c4,Eliza Wellington,2014-11-21T09:53:39Z,
68c50780-c40e-a277-56ea-546f0bcf9099,Courtney Vital,2014-11-21T09:53:39Z,
68f63f3b-63b8-113d-bb6d-546f0b0b0f33,Georgina Walt,2014-11-21T09:53:39Z,
6c3a1349-470a-1041-046b-546f0bf3ed8f,Donte Creech,2014-11-21T09:53:39Z,
6e6cf4ab-c7dd-7757-a63f-546f0b10bcca,Todd Dodson,2014-11-21T09:53:39Z,
6fd18a65-68a0-1b94-fd77-546f0b4575e0,Marco Rucks,2014-11-21T09:53:39Z,
706f9cd7-b80d-2b78-058e-546f0b910064,Miranda Biddle,2014-11-21T09:53:39Z,
710f72ba-a717-13f2-3abf-546f0b2822e3,Virgil Trudell,2014-11-21T09:53:39Z,
71f31b07-26b7-8783-4779-546f0b9190c1,Terrell Rothwell,2014-11-21T09:53:39Z,
7254209c-d18d-9ad9-b295-546f0b55d5ac,Wes Hammon,2014-11-21T09:53:39Z,
7259c857-141b-90be-1291-546f0b857ac1,Shelton Boese,2014-11-21T09:53:39Z,
728ac421-e312-f0d8-007c-546f0b9d7f59,Jerrell Levesque,2014-11-21T09:53:39Z,
72fdb38c-a0fc-c2be-47cb-546f0b554952,Maria Agustin,2014-11-21T09:53:39Z,
739eb39b-b90c-91d1-8b6f-546f0b7dcf10,Peter Seiter,2014-11-21T09:53:39Z,
76322e54-d756-5cf1-c0cc-546f0b500272,Yvette Wen,2014-11-21T09:53:39Z,
798e0a25-8740-138a-7357-546f0bb9f13d,Sheryl Goulette,2014-11-21T09:53:39Z,
7ab8ca33-b9f5-52cd-b7c0-546f0b6a4e8f,Adeline Curiel,2014-11-21T09:53:39Z,
7bab0d8b-9f98-37f9-2edf-546f0b57e65b,Philip Jumper,2014-11-21T09:53:39Z,
7c735bc1-1ce2-0e4c-0193-546f0bde586f,Amie Walmsley,2014-11-21T09:53:39Z,
7da23f9f-f862-084a-b8bd-546f0b4f99ef,Rex Hollen,2014-11-21T09:53:39Z,
8087325d-b13f-5fe4-d524-546f0b984a3b,Mai Seymour,2014-11-21T09:53:39Z,
815b5e13-d4b5-485e-cfe1-546f0bd35d45,Luz Mcclendon,2014-11-21T09:53:39Z,
81c5dac7-6158-ce9b-277e-546f0bed10df,Adrian Orris,2014-11-21T09:53:39Z,
829bd7bd-3654-7cc5-db57-546f0b3acdbd,Jenny Hamrick,2014-11-21T09:53:39Z,
82a53121-fbbe-9ff2-563b-546f0b9323db,Esteban Strock,2014-11-21T09:53:39Z,
848e1da4-66bb-ca8b-8fff-546f0b5a3d4c,Noreen Grace,2014-11-21T09:53:39Z,
84aa1010-a88c-2f81-be41-546f0ba47da6,Lesley Earle,2014-11-21T09:53:39Z,
858084d3-8c2e-78a8-c1e7-546f0b1ed052,Garfield Wommack,2014-11-21T09:53:39Z,
868eeacf-9a9f-d025-c728-546f0bdc33b2,Hattie Shin,2014-11-21T09:53:39Z,
89718c9a-1252-23ad-079f-546f0bbdd5de,Barbara Sanchez,2014-11-21T09:53:39Z,
8bf21028-1c1d-4a57-21ca-546f0b4387c9,Otto Krom,2014-11-21T09:53:39Z,
8f357dc2-595f-1bce-b753-546f0beed625,Amado Mahar,2014-11-21T09:53:39Z,
909a3472-9777-a8c2-0aa8-546f0bd6e68e,Miles Rainey,2014-11-21T09:53:39Z,
90cea44a-fca4-bc49-3ba8-546f0bc10eb6,Brigitte Pizano,2014-11-21T09:53:39Z,
90e50deb-9432-1995-3013-546f0b83c045,Serena Swindler,2014-11-21T09:53:39Z,
9141bfc4-f7b7-2134-433f-546f0bbd2865,Myron Dwyer,2014-11-21T09:53:39Z,
91508933-a5bf-7519-27a0-546f0b881b8a,Reuben Shiner,2014-11-21T09:53:39Z,
919ac2fb-21b1-f1ba-6509-546f0b42915f,Wilton Paden,2014-11-21T09:53:39Z,
93a52357-88de-ad2c-c4ed-546f0be26840,Dorothea Stowell,2014-11-21T09:53:39Z,
93aaf60d-9eaa-ed1d-c678-546f0bb510f9,Rhonda Fulks,2014-11-21T09:53:39Z,
94c601bb-997f-3e3d-ed68-546f0bd6dcc5,Emmett Bullington,2014-11-21T09:53:39Z,
954d182d-54a3-2a08-b33b-546f0b9fecd7,Lessie Flax,2014-11-21T09:53:39Z,
95abb9b6-d9d5-a9b3-36a9-546f0ba06ffe,Wiley Levitt,2014-11-21T09:53:39Z,
98155cc1-c75c-074f-7ad5-546f0b65f4b8,Brad Mach,2014-11-21T09:53:39Z,
9907528c-d0f4-85b6-8b3b-546f0bef6bcc,Chrystal Mcabee,2014-11-21T09:53:39Z,
9fc85a01-7d4c-3e81-3224-546f0b4690aa,Son Duren,2014-11-21T09:53:39Z,
a03fbbc9-c599-fccb-ba66-546f0b8fa29e,Paula Kravitz,2014-11-21T09:53:39Z,
a0f43882-12b0-9db5-3a8c-546f0b185d77,Lou Yale,2014-11-21T09:53:39Z,
a14bd75e-9827-92f1-972e-546f0be283bc,Carla Ickes,2014-11-21T09:53:39Z,
a1d35a1f-78dc-3a6c-fc5e-546f0b12871f,Charmaine Simmons,2014-11-21T09:53:39Z,
a314aa1a-ce8e-ea5c-1906-546f0b203f94,Ethan Corrado,2014-11-21T09:53:39Z,
a3e59d17-3c1a-6128-9156-546f0be83119,Israel Rouillard,2014-11-21T09:53:39Z,
a3f0a3ea-d465-9689-0357-546f0b5870ab,Frankie Keels,2014-11-21T09:53:39Z,
a3f8e623-eae5-e34e-cc87-546f0b4226ee,Kris Duty,2014-11-21T09:53:39Z,
a551cf49-5ad8-d73e-08df-546f0b718d64,Eusebio Click,2014-11-21T09:53:39Z,
a702110e-d9e2-e585-3ae4-546f0b2bdbbf,Mary Aguila,2014-11-21T09:53:39Z,
a72d20a2-a4f6-fbeb-c11e-546f0b547dc6,Arnulfo Gustin,2014-11-21T09:53:39Z,
a7335714-7530-fb1a-5529-546f0bb8feab,Jake Schwartz,2014-11-21T09:53:39Z,
a782e02e-dc56-c944-0706-546f0bffa13d,Marcel Dwight,2014-11-21T09:53:39Z,
ac0db7fa-c4fb-7d41-6cbf-546f0b1482ab,Willard Rotter,2014-11-21T09:53:39Z,
add007c8-3563-6370-0073-546f0b371eb1,Octavio Wimer,2014-11-21T09:53:39Z,
af7efacd-1add-248b-0988-546f0bdab9da,Addie Harkness,2014-11-21T09:53:39Z,
b01d409a-5c39-3d7e-6a12-546f0bcad116,Rosalia Bayliss,2014-11-21T09:53:39Z,
b21d9e72-9fa0-cb85-df9b-546f0bd4ef33,Drew Schwager,2014-11-21T09:53:39Z,
b376671e-d789-c684-380b-546f0b604a04,Eva Marriott,2014-11-21T09:53:39Z,
b4547339-2268-1a53-c622-546f0b10267b,Noel Mancuso,2014-11-21T09:53:39Z,
b5476113-3dd3-3cc4-2004-546f0b479de4,Bettie Xavier,2014-11-21T09:53:39Z,
b5d2ec6a-2a34-536e-720d-546f0be3db74,Dustin Pablo,2014-11-21T09:53:39Z,
b6651028-1e5b-7ec6-6056-546f0b4682c3,Loraine Mcqueary,2014-11-21T09:53:39Z,
b8343687-c5bc-f36c-9602-546f0b5b1f8f,Ethel Marmol,2014-11-21T09:53:39Z,
b838794c-f5dd-d93d-c596-546f0be3a35e,Sherwood Sane,2014-11-21T09:53:39Z,
b8650096-12a6-3697-5526-546f0bc9de76,Amy Bradburn,2014-11-21T09:53:39Z,
b95d4bbf-cc48-ef84-d80f-546f0b3387c7,Anderson Blose,2014-11-21T09:53:39Z,
bb1aaccd-7e56-8ce6-2294-546f0bb37005,Naomi Karpinski,2014-11-21T09:53:39Z,
bc19e2cf-7653-c9ce-53eb-546f0b33c803,Katie Chagnon,2014-11-21T09:53:39Z,
bcbb5f5f-aa05-038c-e725-546f0bb93ded,Myles Ashcroft,2014-11-21T09:53:39Z,
bcc98c5c-0951-3e30-48bb-546f0b9ddbbc,Susanna Lindgren,2014-11-21T09:53:39Z,
bf87050d-b1d3-d88e-8600-546f0b94f06a,Deidra Salem,2014-11-21T09:53:39Z,
bff67709-fcc2-5d80-de62-546f0bc5cbc3,Ola Bullins,2014-11-21T09:53:39Z,
c0c0e8fb-a817-b1e2-2eb4-546f0bf4db1f,Laverne Hendricks,2014-11-21T09:53:39Z,
c54ad771-ee21-bf0a-f8fd-546f0b551521,Violet Raker,2014-11-21T09:53:39Z,
c5ada6a4-2f2b-ad0a-72c3-546f0b3296af,Isreal Phillip,2014-11-21T09:53:39Z,
c63b63af-fdfe-11ee-ea27-546f0b456513,Brad Popovich,2014-11-21T09:53:39Z,
c6da6801-f3e9-d0f1-e7ed-546f0b65dfe9,Shannon Grandison,2014-11-21T09:53:39Z,
c7b9fb42-3679-41ae-1f62-546f0b159aaf,Michael Whitlock,2014-11-21T09:53:39Z,
c8b80734-459f-6ed0-c115-546f0b04335b,Brandon Beckles,2014-11-21T09:53:39Z,
c9de23fc-c9c9-65a0-6fbb-546f0b98c833,Kelly Urias,2014-11-21T09:53:39Z,
cbca2eaf-82f8-23c7-f657-546f0beed34c,Kathie Burkhead,2014-11-21T09:53:39Z,
cc824d62-e958-05cb-89ba-546f0bcae401,Rita Dahmen,2014-11-21T09:53:39Z,
cca778f0-f299-34a4-f6a0-546f0bac6719,Gayla Bowden,2014-11-21T09:53:39Z,
cdda0b2b-0d8f-beaf-451e-546f0b50fd7b,Dick Fisher,2014-11-21T09:53:39Z,
cde31ee3-6bc9-06b4-76d8-546f0b50371c,Trenton Jinks,2014-11-21T09:53:39Z,
cf66a9d0-74c8-2e60-8674-546f0b288246,Cory Paulin,2014-11-21T09:53:39Z,
d112487b-e333-49fc-0d96-546f0b3a367d,Colton Ranck,2014-11-21T09:53:39Z,
d23ce4c3-eb24-e28f-3378-546f0b9b5606,Dewey Dansereau,2014-11-21T09:53:39Z,
d3030077-97c6-3680-de14-546f0b41e8c8,Carey Willaims,2014-11-21T09:53:39Z,
d459792a-7c6b-34e6-939f-546f0b5d2437,Callie Arends,2014-11-21T09:53:39Z,
d80324fa-487a-8ee1-c171-546f0bf1a035,Marlon Collinsworth,2014-11-21T09:53:39Z,
d8a1a3d7-4258-fd28-8897-546f0bf3fdde,Shad Rickards,2014-11-21T09:53:39Z,
da0b37dd-4603-25c8-a601-546f0b198c4b,Elinor Brashears,2014-11-21T09:53:39Z,
dab3c734-c7c1-2511-e7c9-546f0b96c7d1,Noelle Matsumura,2014-11-21T09:53:39Z,
dbb983ab-4204-e185-d1eb-546f0b0dd6ff,Herschel Greenhill,2014-11-21T09:53:39Z,
dcb488dc-fc16-8620-7ad6-546f0b8b041f,Melody Beem,2014-11-21T09:53:39Z,
dcd2b2da-6ca4-01ca-519c-546f0b39c105,Shari Delatorre,2014-11-21T09:53:39Z,
dd9ab80b-f655-2af2-76b0-546f0bb7d786,Boyce Sleeper,2014-11-21T09:53:39Z,
e05bb8fb-cf11-75c7-059d-546f0bc96f67,Casey Denker,2014-11-21T09:53:39Z,
e0eb4cdd-b50a-c8ef-0e54-546f0baadd8c,Karyn Pink,2014-11-21T09:53:39Z,
e100c03a-3712-3409-a114-546f0b7e9f92,Inez Huth,2014-11-21T09:53:39Z,
e1e908e2-44d4-2b04-ffef-546f0b6e6e9e,Hilary Shealy,2014-11-21T09:53:39Z,
e24c6553-7044-431a-ff6d-546f0b542fa9,Wyatt Greening,2014-11-21T09:53:39Z,
e2b59701-55e3-bf31-c342-546f0bc65291,Justine Hornbuckle,2014-11-21T09:53:39Z,
e4c62297-0474-c65c-09f2-546f0b340399,Elijah Reina,2014-11-21T09:53:39Z,
e715a772-a557-23eb-b29c-546f0b1fc9aa,Elden Orduna,2014-11-21T09:53:39Z,
e71bcdb5-300b-9e66-3668-546f0bec46b8,Malcom List,2014-11-21T09:53:39Z,
e7476584-9678-2813-aae4-546f0b02b063,Lynwood Pacheco,2014-11-21T09:53:39Z,
e8d2790e-f038-ae4b-4781-546f0bc2c389,Debora Galusha,2014-11-21T09:53:39Z,
e949797e-2998-abb1-94e1-546f0b300b5f,Porter Greathouse,2014-11-21T09:53:39Z,
eb538c83-6e1f-bc9d-2b57-546f0b16205e,Arlene Guajardo,2014-11-21T09:53:39Z,
ebfd7082-0142-bd91-be7e-546f0b047ad9,Tyrell Lapointe,2014-11-21T09:53:39Z,
ec4428b1-a002-102d-7b27-546f0b19be00,Tommy Daum,2014-11-21T09:53:39Z,
eeeb0cf9-d2e6-0c80-5a01-546f0baf175a,Lavonne Jaworski,2014-11-21T09:53:39Z,
f300402e-e19e-c66b-bd99-546f0b960089,Nikki Dingler,2014-11-21T09:53:39Z,